mechanism,eps,n_users,max_recall
laplace,1.0,1,1.0
laplace,1.0,2,0.6015037593984962
laplace,1.0,3,0.5121951219512195
laplace,1.0,4,0.31758530183727035
laplace,1.0,5,0.3016759776536313
laplace,1.0,6,0.2391304347826087
laplace,1.0,7,0.189873417721519
laplace,1.0,8,0.1617161716171617
laplace,1.0,9,0.14855072463768115
laplace,1.0,10,0.13562386980108498
laplace,1.0,11,0.13178294573643412
laplace,1.0,12,0.11081794195250659
laplace,1.0,13,0.1053082191780822
laplace,1.0,14,0.09550173010380623
laplace,1.0,15,0.10176531671858775
laplace,1.0,16,0.08949096880131363
laplace,1.0,17,0.08119361554476058
laplace,1.0,18,0.0795539033457249
laplace,1.0,19,0.07449856733524356
laplace,1.0,20,0.06865861411315957
laplace,1.0,21,0.06652360515021459
laplace,1.0,22,0.06495263870094722
laplace,1.0,23,0.06077694235588972
laplace,1.0,24,0.05962732919254658
laplace,1.0,25,0.05665591893136803
laplace,1.0,26,0.05126760563380282
laplace,1.0,27,0.05370462456489309
laplace,1.0,28,0.05241605241605242
laplace,1.0,29,0.04914004914004914
laplace,1.0,30,0.04602660913340525
laplace,1.0,31,0.04479701353243117
laplace,1.0,32,0.04395604395604396
laplace,1.0,33,0.042738275340393345
laplace,1.0,34,0.04280417930569599
laplace,1.0,35,0.039582013932868906
laplace,1.0,36,0.03815527538155276
laplace,1.0,37,0.039396737457679284
laplace,1.0,38,0.035395189003436425
laplace,1.0,39,0.03397582489382555
laplace,1.0,40,0.03610223642172524
laplace,1.0,41,0.03445203445203445
laplace,1.0,42,0.03218618469918297
laplace,1.0,43,0.03197674418604651
laplace,1.0,44,0.030359028511087644
laplace,1.0,45,0.03169572107765452
laplace,1.0,46,0.030676605504587156
laplace,1.0,47,0.031419005923255215
laplace,1.0,48,0.03095558546433378
laplace,1.0,49,0.029342723004694836
laplace,1.0,50,0.027167399121054734
laplace,1.0,51,0.027896081771720614
laplace,1.0,52,0.026821742226441965
laplace,1.0,53,0.02789400278940028
laplace,1.0,54,0.02658385093167702
laplace,1.0,55,0.024796380090497738
laplace,1.0,56,0.025251528901163937
laplace,1.0,57,0.02375767174816868
laplace,1.0,58,0.025290498974709502
laplace,1.0,59,0.023935648420639593
laplace,1.0,60,0.02288911495422177
laplace,1.0,61,0.0230755030459664
laplace,1.0,62,0.02272310793476269
laplace,1.0,63,0.022143836958651773
laplace,1.0,64,0.021920465567410282
laplace,1.0,65,0.021425999279798342
laplace,1.0,66,0.02110773387369132
laplace,1.0,67,0.020541082164328657
laplace,1.0,68,0.02035844788585349
laplace,1.0,69,0.01976801176278386
laplace,1.0,70,0.021521035598705503
laplace,1.0,71,0.018626929217668974
laplace,2.0,1,1.0
laplace,2.0,2,0.6353790613718412
laplace,2.0,3,0.4607329842931937
laplace,2.0,4,0.3497536945812808
laplace,2.0,5,0.2955665024630542
laplace,2.0,6,0.2777777777777778
laplace,2.0,7,0.21428571428571427
laplace,2.0,8,0.18913676042677013
laplace,2.0,9,0.17857142857142858
laplace,2.0,10,0.16878402903811252
laplace,2.0,11,0.14620535714285715
laplace,2.0,12,0.12758620689655173
laplace,2.0,13,0.12415130940834142
laplace,2.0,14,0.11464968152866242
laplace,2.0,15,0.10714285714285714
laplace,2.0,16,0.09898107714701601
laplace,2.0,17,0.09680284191829484
laplace,2.0,18,0.08793456032719836
laplace,2.0,19,0.08610792192881746
laplace,2.0,20,0.08012820512820513
laplace,2.0,21,0.07413087934560328
laplace,2.0,22,0.07019278299555116
laplace,2.0,23,0.0661512027491409
laplace,2.0,24,0.07060825180774138
laplace,2.0,25,0.06869565217391305
laplace,2.0,26,0.06886075949367089
laplace,2.0,27,0.058358061325420374
laplace,2.0,28,0.05515370705244123
laplace,2.0,29,0.053203997648442095
laplace,2.0,30,0.0605831124574025
laplace,2.0,31,0.051924798567591766
laplace,2.0,32,0.04916763453348819
laplace,2.0,33,0.05235231694375663
laplace,2.0,34,0.05144247480013903
laplace,2.0,35,0.04872311827956989
laplace,2.0,36,0.04252958579881657
laplace,2.0,37,0.04562410329985653
laplace,2.0,38,0.040841206949100886
laplace,2.0,39,0.04120070629782225
laplace,2.0,40,0.04
laplace,2.0,41,0.040625
laplace,2.0,42,0.03697850821744627
laplace,2.0,43,0.0388011774150388
laplace,2.0,44,0.03761445186834942
laplace,2.0,45,0.0363026235509457
laplace,2.0,46,0.03726193762075628
laplace,2.0,47,0.03417533432392273
laplace,2.0,48,0.03489611081513053
laplace,2.0,49,0.0330126803672934
laplace,2.0,50,0.03345280764635603
laplace,2.0,51,0.03181427343078246
laplace,2.0,52,0.030628170113148653
laplace,2.0,53,0.031196581196581197
laplace,2.0,54,0.029192124915139173
laplace,2.0,55,0.03091832025842178
laplace,2.0,56,0.03014037985136251
laplace,2.0,57,0.02748189177673626
laplace,2.0,58,0.027947154471544715
laplace,2.0,59,0.028520814880425155
laplace,2.0,60,0.028249703674436983
laplace,2.0,61,0.026091888825865002
laplace,2.0,62,0.026563064691001084
laplace,2.0,63,0.028325358851674642
laplace,2.0,64,0.025636363636363638
laplace,2.0,65,0.02530717036493673
laplace,2.0,66,0.024674827850038255
laplace,2.0,67,0.024588802126599103
laplace,2.0,68,0.024555328191405636
laplace,2.0,69,0.0236096537250787
laplace,2.0,70,0.024374390640233994
laplace,2.0,71,0.022194435761175368
laplace,4.0,1,1.0
laplace,4.0,2,0.7692307692307693
laplace,4.0,3,0.5320197044334976
laplace,4.0,4,0.4555160142348754
laplace,4.0,5,0.37467018469656993
laplace,4.0,6,0.32062780269058294
laplace,4.0,7,0.32
laplace,4.0,8,0.24623803009575923
laplace,4.0,9,0.2158859470468432
laplace,4.0,10,0.21428571428571427
laplace,4.0,11,0.1949579831932773
laplace,4.0,12,0.17664092664092665
laplace,4.0,13,0.15308151093439365
laplace,4.0,14,0.13818860877684408
laplace,4.0,15,0.13984168865435356
laplace,4.0,16,0.13098039215686275
laplace,4.0,17,0.13122721749696234
laplace,4.0,18,0.1122257053291536
laplace,4.0,19,0.11003627569528417
laplace,4.0,20,0.10578034682080925
laplace,4.0,21,0.10013908205841446
laplace,4.0,22,0.10201429499675113
laplace,4.0,23,0.09301075268817205
laplace,4.0,24,0.09050445103857567
laplace,4.0,25,0.08771060455896927
laplace,4.0,26,0.08710954685437748
laplace,4.0,27,0.07706855791962175
laplace,4.0,28,0.07582769668921324
laplace,4.0,29,0.07255520504731862
laplace,4.0,30,0.07442049613664091
laplace,4.0,31,0.06775510204081632
laplace,4.0,32,0.07301704966641957
laplace,4.0,33,0.06685941452837008
laplace,4.0,34,0.06993006993006994
laplace,4.0,35,0.06315422191207258
laplace,4.0,36,0.05921469284357188
laplace,4.0,37,0.059065934065934064
laplace,4.0,38,0.05633333333333333
laplace,4.0,39,0.05628350208457415
laplace,4.0,40,0.05573453608247423
laplace,4.0,41,0.05544985050285404
laplace,4.0,42,0.051788841631223416
laplace,4.0,43,0.049872122762148335
laplace,4.0,44,0.04923599320882852
laplace,4.0,45,0.04967385850476668
laplace,4.0,46,0.047497446373850866
laplace,4.0,47,0.04749545808460939
laplace,4.0,48,0.04617169373549884
laplace,4.0,49,0.04422488826158551
laplace,4.0,50,0.046405228758169936
laplace,4.0,51,0.044352195761415775
laplace,4.0,52,0.04298356510745891
laplace,4.0,53,0.041757285776424534
laplace,4.0,54,0.04086444007858546
laplace,4.0,55,0.03929568391668456
laplace,4.0,56,0.03979081400636653
laplace,4.0,57,0.03723171265878231
laplace,4.0,58,0.03873716831299632
laplace,4.0,59,0.03599683544303797
laplace,4.0,60,0.03969171483622351
laplace,4.0,61,0.03605477552435431
laplace,4.0,62,0.036119903183764665
laplace,4.0,63,0.03790294013460857
laplace,4.0,64,0.03564461784004256
laplace,4.0,65,0.034557626198661116
laplace,4.0,66,0.03361344537815126
laplace,4.0,67,0.032877199218055805
laplace,4.0,68,0.03188815582783538
laplace,4.0,69,0.0334841628959276
laplace,4.0,70,0.03126012309685779
laplace,4.0,71,0.03096400244051251
laplace,8.0,1,1.0
laplace,8.0,2,0.8709677419354839
laplace,8.0,3,0.6852589641434262
laplace,8.0,4,0.5714285714285714
laplace,8.0,5,0.4962686567164179
laplace,8.0,6,0.45706371191135736
laplace,8.0,7,0.36538461538461536
laplace,8.0,8,0.35319148936170214
laplace,8.0,9,0.4048165137614679
laplace,8.0,10,0.3141891891891892
laplace,8.0,11,0.27593582887700535
laplace,8.0,12,0.26479750778816197
laplace,8.0,13,0.236816874400767
laplace,8.0,14,0.2149866190900981
laplace,8.0,15,0.20796156485929992
laplace,8.0,16,0.19902912621359223
laplace,8.0,17,0.18304576144036008
laplace,8.0,18,0.19085262563523434
laplace,8.0,19,0.17730020147750167
laplace,8.0,20,0.16121629374641422
laplace,8.0,21,0.156203288490284
laplace,8.0,22,0.14763779527559054
laplace,8.0,23,0.14291292463881297
laplace,8.0,24,0.14404267931238884
laplace,8.0,25,0.13656605640771896
laplace,8.0,26,0.1327818894209839
laplace,8.0,27,0.12917827298050139
laplace,8.0,28,0.121300339640951
laplace,8.0,29,0.11766917293233083
laplace,8.0,30,0.13038674033149172
laplace,8.0,31,0.10710216483099126
laplace,8.0,32,0.11106671993607671
laplace,8.0,33,0.11303960836671118
laplace,8.0,34,0.1032258064516129
laplace,8.0,35,0.10063559322033898
laplace,8.0,36,0.1081386586284853
laplace,8.0,37,0.10014306151645208
laplace,8.0,38,0.09706411024565609
laplace,8.0,39,0.08967223252937538
laplace,8.0,40,0.09188095926032938
laplace,8.0,41,0.09028905488795064
laplace,8.0,42,0.08709853021230267
laplace,8.0,43,0.0841570177915843
laplace,8.0,44,0.07977883096366509
laplace,8.0,45,0.08294930875576037
laplace,8.0,46,0.08766859344894026
laplace,8.0,47,0.08027079303675048
laplace,8.0,48,0.08030639980232271
laplace,8.0,49,0.07647058823529412
laplace,8.0,50,0.07408267533673943
laplace,8.0,51,0.07374324885749896
laplace,8.0,52,0.07517763007105203
laplace,8.0,53,0.07112161581435325
laplace,8.0,54,0.07036949870557778
laplace,8.0,55,0.06649436090225563
laplace,8.0,56,0.07087899277220798
laplace,8.0,57,0.06704397039616891
laplace,8.0,58,0.0646343816322593
laplace,8.0,59,0.06295186034209134
laplace,8.0,60,0.06328381246382404
laplace,8.0,61,0.06161578555472822
laplace,8.0,62,0.06134040136312003
laplace,8.0,63,0.06757281553398058
laplace,8.0,64,0.06174893695692365
laplace,8.0,65,0.059067529450804714
laplace,8.0,66,0.056758530183727035
laplace,8.0,67,0.05838011226944667
laplace,8.0,68,0.05984303466317855
laplace,8.0,69,0.05532979055954986
laplace,8.0,70,0.055959890021025395
laplace,8.0,71,0.054846103470857895
laplace,16.0,1,1.0
laplace,16.0,2,0.9714285714285714
laplace,16.0,3,0.8702928870292888
laplace,16.0,4,0.7739938080495357
laplace,16.0,5,0.63671875
laplace,16.0,6,0.6277056277056277
laplace,16.0,7,0.6404494382022472
laplace,16.0,8,0.49480249480249483
laplace,16.0,9,0.5384615384615384
laplace,16.0,10,0.45565749235474007
laplace,16.0,11,0.42946058091286304
laplace,16.0,12,0.39106145251396646
laplace,16.0,13,0.402321083172147
laplace,16.0,14,0.3605283605283605
laplace,16.0,15,0.33849557522123896
laplace,16.0,16,0.3224334600760456
laplace,16.0,17,0.33868243243243246
laplace,16.0,18,0.3174835405998537
laplace,16.0,19,0.29852871381110585
laplace,16.0,20,0.33807588075880757
laplace,16.0,21,0.2865421764327109
laplace,16.0,22,0.28035814213766086
laplace,16.0,23,0.2619047619047619
laplace,16.0,24,0.24526315789473685
laplace,16.0,25,0.24157894736842106
laplace,16.0,26,0.23766364551863042
laplace,16.0,27,0.24158325750682438
laplace,16.0,28,0.2340319361277445
laplace,16.0,29,0.260694514343231
laplace,16.0,30,0.21513002364066194
laplace,16.0,31,0.21965973534971645
laplace,16.0,32,0.2189068600111545
laplace,16.0,33,0.19939050936003483
laplace,16.0,34,0.19672131147540983
laplace,16.0,35,0.1923527116660164
laplace,16.0,36,0.19644079397672826
laplace,16.0,37,0.1808641975308642
laplace,16.0,38,0.18835429196282122
laplace,16.0,39,0.1858678955453149
laplace,16.0,40,0.17650381248234961
laplace,16.0,41,0.1733372572101236
laplace,16.0,42,0.17005379557680814
laplace,16.0,43,0.16563330380868024
laplace,16.0,44,0.16086147301249668
laplace,16.0,45,0.1564281190626979
laplace,16.0,46,0.159545700378583
laplace,16.0,47,0.15243134290753338
laplace,16.0,48,0.15715309290661572
laplace,16.0,49,0.14624905279110886
laplace,16.0,50,0.1514576913960654
laplace,16.0,51,0.1442240373395566
laplace,16.0,52,0.14382326420198377
laplace,16.0,53,0.14001928640308584
laplace,16.0,54,0.13940193491644678
laplace,16.0,55,0.1357944732297064
laplace,16.0,56,0.1376535366370182
laplace,16.0,57,0.13260182257764552
laplace,16.0,58,0.13072392171765154
laplace,16.0,59,0.1274131274131274
laplace,16.0,60,0.12863762743280815
laplace,16.0,61,0.1376570583887657
laplace,16.0,62,0.12412177985948478
laplace,16.0,63,0.11902212705210564
laplace,16.0,64,0.12364062238581228
laplace,16.0,65,0.115995115995116
laplace,16.0,66,0.11901481226317602
laplace,16.0,67,0.1187356698329512
laplace,16.0,68,0.12016528925619835
laplace,16.0,69,0.1119826435246996
laplace,16.0,70,0.11583725622057835
laplace,16.0,71,0.11484238872168541
laplace,32.0,1,1.0
laplace,32.0,2,0.9875389408099688
laplace,32.0,3,0.9242424242424242
laplace,32.0,4,0.90625
laplace,32.0,5,0.7979274611398963
laplace,32.0,6,0.8025210084033614
laplace,32.0,7,0.7731343283582089
laplace,32.0,8,0.7152542372881356
laplace,32.0,9,0.659171597633136
laplace,32.0,10,0.6629554655870445
laplace,32.0,11,0.6277533039647577
laplace,32.0,12,0.6219239373601789
laplace,32.0,13,0.5909822866344605
laplace,32.0,14,0.573394495412844
laplace,32.0,15,0.5467105263157894
laplace,32.0,16,0.5502450980392157
laplace,32.0,17,0.5049751243781094
laplace,32.0,18,0.4778761061946903
laplace,32.0,19,0.4958628841607565
laplace,32.0,20,0.4675707547169811
laplace,32.0,21,0.46124031007751937
laplace,32.0,22,0.43469490670700955
laplace,32.0,23,0.4535017221584386
laplace,32.0,24,0.41615853658536583
laplace,32.0,25,0.4340634778721502
laplace,32.0,26,0.43964562569213733
laplace,32.0,27,0.39990512333965844
laplace,32.0,28,0.4021186440677966
laplace,32.0,29,0.3857979502196193
laplace,32.0,30,0.37658921525646644
laplace,32.0,31,0.3752997601918465
laplace,32.0,32,0.3662812383439015
laplace,32.0,33,0.38102119460500966
laplace,32.0,34,0.3495717344753747
laplace,32.0,35,0.3452898550724638
laplace,32.0,36,0.3393383557156895
laplace,32.0,37,0.33010315723663647
laplace,32.0,38,0.3305915849414742
laplace,32.0,39,0.3300831660453112
laplace,32.0,40,0.32981181908220536
laplace,32.0,41,0.32838541666666665
laplace,32.0,42,0.3221563064224916
laplace,32.0,43,0.3056637698531615
laplace,32.0,44,0.3069679849340866
laplace,32.0,45,0.30381334671349725
laplace,32.0,46,0.30310524869469635
laplace,32.0,47,0.2875206157229247
laplace,32.0,48,0.293301936159079
laplace,32.0,49,0.2952560774132641
laplace,32.0,50,0.2844097995545657
laplace,32.0,51,0.28180316261505783
laplace,32.0,52,0.28256750355281857
laplace,32.0,53,0.2752197572205944
laplace,32.0,54,0.2888198757763975
laplace,32.0,55,0.2655053598774885
laplace,32.0,56,0.25825706327099085
laplace,32.0,57,0.26833265055305205
laplace,32.0,58,0.2678400612205854
laplace,32.0,59,0.251953125
laplace,32.0,60,0.2562669376693767
laplace,32.0,61,0.24643393393393392
laplace,32.0,62,0.2540628385698808
laplace,32.0,63,0.2493595217762596
laplace,32.0,64,0.2409739714525609
laplace,32.0,65,0.2365482233502538
laplace,32.0,66,0.2354181307097681
laplace,32.0,67,0.23947797716150082
laplace,32.0,68,0.24077951360927685
laplace,32.0,69,0.23113054745707806
laplace,32.0,70,0.22320117474302498
laplace,32.0,71,0.2283720930232558
laplace,64.0,1,1.0
laplace,64.0,2,1.0
laplace,64.0,3,0.978494623655914
laplace,64.0,4,0.9601593625498008
laplace,64.0,5,0.9395161290322581
laplace,64.0,6,0.9349005424954792
laplace,64.0,7,0.9198717948717948
laplace,64.0,8,0.8774080560420315
laplace,64.0,9,0.845223700120919
laplace,64.0,10,0.8691860465116279
laplace,64.0,11,0.8243375858684985
laplace,64.0,12,0.8304635761589404
laplace,64.0,13,0.822880771881461
laplace,64.0,14,0.7698961937716263
laplace,64.0,15,0.7495327102803738
laplace,64.0,16,0.7388973966309341
laplace,64.0,17,0.726790450928382
laplace,64.0,18,0.7067407922168172
laplace,64.0,19,0.7122835943940643
laplace,64.0,20,0.6998697916666666
laplace,64.0,21,0.6993464052287581
laplace,64.0,22,0.6732620320855615
laplace,64.0,23,0.6661354581673307
laplace,64.0,24,0.6697848456501403
laplace,64.0,25,0.6596638655462185
laplace,64.0,26,0.632421052631579
laplace,64.0,27,0.6229865041358293
laplace,64.0,28,0.6217412690605018
laplace,64.0,29,0.6153502900490853
laplace,64.0,30,0.6024042742653607
laplace,64.0,31,0.6242722794446932
laplace,64.0,32,0.5989829277152198
laplace,64.0,33,0.5798816568047337
laplace,64.0,34,0.572824427480916
laplace,64.0,35,0.595869191049914
laplace,64.0,36,0.569969040247678
laplace,64.0,37,0.5569656763772715
laplace,64.0,38,0.5605524079320113
laplace,64.0,39,0.5471864009378663
laplace,64.0,40,0.535031847133758
laplace,64.0,41,0.535548686244204
laplace,64.0,42,0.5240764331210191
laplace,64.0,43,0.5247992442135097
laplace,64.0,44,0.5213057562920508
laplace,64.0,45,0.5187284376540168
laplace,64.0,46,0.5222222222222223
laplace,64.0,47,0.504181338028169
laplace,64.0,48,0.49543859649122807
laplace,64.0,49,0.4953271028037383
laplace,64.0,50,0.4905570164953383
laplace,64.0,51,0.49354308523127494
laplace,64.0,52,0.5011342544854609
laplace,64.0,53,0.47761790567545964
laplace,64.0,54,0.4740026470032142
laplace,64.0,55,0.4853658536585366
laplace,64.0,56,0.4754566210045662
laplace,64.0,57,0.4693759630200308
laplace,64.0,58,0.46761330480451274
laplace,64.0,59,0.4688493919550982
laplace,64.0,60,0.463566720114021
laplace,64.0,61,0.4609061015710632
laplace,64.0,62,0.4555496169606271
laplace,64.0,63,0.44567092100724387
laplace,64.0,64,0.441486510630695
laplace,64.0,65,0.4426609300016548
laplace,64.0,66,0.43538581449727204
laplace,64.0,67,0.43686301606495076
laplace,64.0,68,0.42605980939861976
laplace,64.0,69,0.42575065274151436
laplace,64.0,70,0.4309226143377117
laplace,64.0,71,0.4229966275895295
laplace,inf,1,1.0
laplace,inf,2,1.0
laplace,inf,3,1.0
laplace,inf,4,1.0
laplace,inf,5,1.0
laplace,inf,6,1.0
laplace,inf,7,1.0
laplace,inf,8,1.0
laplace,inf,9,1.0
laplace,inf,10,1.0
laplace,inf,11,1.0
laplace,inf,12,1.0
laplace,inf,13,1.0
laplace,inf,14,1.0
laplace,inf,15,1.0
laplace,inf,16,1.0
laplace,inf,17,1.0
laplace,inf,18,1.0
laplace,inf,19,1.0
laplace,inf,20,1.0
laplace,inf,21,1.0
laplace,inf,22,1.0
laplace,inf,23,1.0
laplace,inf,24,1.0
laplace,inf,25,1.0
laplace,inf,26,1.0
laplace,inf,27,1.0
laplace,inf,28,1.0
laplace,inf,29,1.0
laplace,inf,30,1.0
laplace,inf,31,1.0
laplace,inf,32,1.0
laplace,inf,33,1.0
laplace,inf,34,1.0
laplace,inf,35,1.0
laplace,inf,36,1.0
laplace,inf,37,1.0
laplace,inf,38,1.0
laplace,inf,39,1.0
laplace,inf,40,1.0
laplace,inf,41,1.0
laplace,inf,42,1.0
laplace,inf,43,1.0
laplace,inf,44,1.0
laplace,inf,45,1.0
laplace,inf,46,1.0
laplace,inf,47,1.0
laplace,inf,48,1.0
laplace,inf,49,1.0
laplace,inf,50,1.0
laplace,inf,51,1.0
laplace,inf,52,1.0
laplace,inf,53,1.0
laplace,inf,54,1.0
laplace,inf,55,1.0
laplace,inf,56,1.0
laplace,inf,57,1.0
laplace,inf,58,1.0
laplace,inf,59,1.0
laplace,inf,60,1.0
laplace,inf,61,1.0
laplace,inf,62,1.0
laplace,inf,63,1.0
laplace,inf,64,1.0
laplace,inf,65,1.0
laplace,inf,66,1.0
laplace,inf,67,1.0
laplace,inf,68,1.0
laplace,inf,69,1.0
laplace,inf,70,1.0
laplace,inf,71,1.0
piecewise_sub,1.0,1,1.0
piecewise_sub,1.0,2,0.6486486486486487
piecewise_sub,1.0,3,0.42792792792792794
piecewise_sub,1.0,4,0.33163265306122447
piecewise_sub,1.0,5,0.26373626373626374
piecewise_sub,1.0,6,0.22465753424657534
piecewise_sub,1.0,7,0.20915032679738563
piecewise_sub,1.0,8,0.17758985200845667
piecewise_sub,1.0,9,0.1527777777777778
piecewise_sub,1.0,10,0.1553398058252427
piecewise_sub,1.0,11,0.12658227848101267
piecewise_sub,1.0,12,0.12046783625730995
piecewise_sub,1.0,13,0.11023622047244094
piecewise_sub,1.0,14,0.09727272727272727
piecewise_sub,1.0,15,0.09875141884222474
piecewise_sub,1.0,16,0.08419689119170984
piecewise_sub,1.0,17,0.08195364238410596
piecewise_sub,1.0,18,0.07332293291731669
piecewise_sub,1.0,19,0.07211231652839821
piecewise_sub,1.0,20,0.06929347826086957
piecewise_sub,1.0,21,0.06765578635014836
piecewise_sub,1.0,22,0.0637065637065637
piecewise_sub,1.0,23,0.05909943714821764
piecewise_sub,1.0,24,0.05395095367847411
piecewise_sub,1.0,25,0.06043676993397664
piecewise_sub,1.0,26,0.05017452006980803
piecewise_sub,1.0,27,0.05054151624548736
piecewise_sub,1.0,28,0.04657994125052455
piecewise_sub,1.0,29,0.04661182922052487
piecewise_sub,1.0,30,0.04370282081843464
piecewise_sub,1.0,31,0.04440497335701599
piecewise_sub,1.0,32,0.042538354253835425
piecewise_sub,1.0,33,0.041846562603786115
piecewise_sub,1.0,34,0.03948180135718692
piecewise_sub,1.0,35,0.03888888888888889
piecewise_sub,1.0,36,0.03984962406015038
piecewise_sub,1.0,37,0.03803863298662704
piecewise_sub,1.0,38,0.038179916317991634
piecewise_sub,1.0,39,0.03523213697728021
piecewise_sub,1.0,40,0.03474484256243214
piecewise_sub,1.0,41,0.03397773872290568
piecewise_sub,1.0,42,0.03479471120389701
piecewise_sub,1.0,43,0.031026785714285715
piecewise_sub,1.0,44,0.03220892274211099
piecewise_sub,1.0,45,0.03272727272727273
piecewise_sub,1.0,46,0.03180212014134275
piecewise_sub,1.0,47,0.02975311247098544
piecewise_sub,1.0,48,0.02850412249705536
piecewise_sub,1.0,49,0.027231825716315414
piecewise_sub,1.0,50,0.027453671928620454
piecewise_sub,1.0,51,0.025429399955387018
piecewise_sub,1.0,52,0.02611868638371423
piecewise_sub,1.0,53,0.028196297890658632
piecewise_sub,1.0,54,0.025742988698200082
piecewise_sub,1.0,55,0.024179943767572633
piecewise_sub,1.0,56,0.024796380090497738
piecewise_sub,1.0,57,0.024127108670066694
piecewise_sub,1.0,58,0.0240918501788067
piecewise_sub,1.0,59,0.023451485857500894
piecewise_sub,1.0,60,0.0232421875
piecewise_sub,1.0,61,0.022002610479209397
piecewise_sub,1.0,62,0.023286633850814087
piecewise_sub,1.0,63,0.02365257851880574
piecewise_sub,1.0,64,0.020932277924362357
piecewise_sub,1.0,65,0.020985401459854013
piecewise_sub,1.0,66,0.020392458637937667
piecewise_sub,1.0,67,0.020111900801451685
piecewise_sub,1.0,68,0.019262161279791055
piecewise_sub,1.0,69,0.01970519782777347
piecewise_sub,1.0,70,0.019679633867276888
piecewise_sub,1.0,71,0.018261394506489587
piecewise_sub,2.0,1,1.0
piecewise_sub,2.0,2,0.7121212121212122
piecewise_sub,2.0,3,0.6
piecewise_sub,2.0,4,0.3968253968253968
piecewise_sub,2.0,5,0.35051546391752575
piecewise_sub,2.0,6,0.27932960893854747
piecewise_sub,2.0,7,0.23255813953488372
piecewise_sub,2.0,8,0.20534629404617255
piecewise_sub,2.0,9,0.1838006230529595
piecewise_sub,2.0,10,0.15855354659248957
piecewise_sub,2.0,11,0.14774281805745554
piecewise_sub,2.0,12,0.14274981217129978
piecewise_sub,2.0,13,0.12430632630410655
piecewise_sub,2.0,14,0.12038523274478331
piecewise_sub,2.0,15,0.11056511056511056
piecewise_sub,2.0,16,0.1037463976945245
piecewise_sub,2.0,17,0.09392655367231638
piecewise_sub,2.0,18,0.09022556390977443
piecewise_sub,2.0,19,0.08185279187817258
piecewise_sub,2.0,20,0.07792207792207792
piecewise_sub,2.0,21,0.08085912823752368
piecewise_sub,2.0,22,0.07672955974842767
piecewise_sub,2.0,23,0.07047925896093435
piecewise_sub,2.0,24,0.06838328408611229
piecewise_sub,2.0,25,0.06913827655310621
piecewise_sub,2.0,26,0.0609516319307904
piecewise_sub,2.0,27,0.06066176470588235
piecewise_sub,2.0,28,0.05685986793837124
piecewise_sub,2.0,29,0.05931242916509256
piecewise_sub,2.0,30,0.056672760511883
piecewise_sub,2.0,31,0.05295566502463054
piecewise_sub,2.0,32,0.05108733172247152
piecewise_sub,2.0,33,0.053225237927388085
piecewise_sub,2.0,34,0.04612427930813581
piecewise_sub,2.0,35,0.04692260816575259
piecewise_sub,2.0,36,0.044969265609835
piecewise_sub,2.0,37,0.04819642315853289
piecewise_sub,2.0,38,0.04150294695481336
piecewise_sub,2.0,39,0.04050235478806907
piecewise_sub,2.0,40,0.04021937842778794
piecewise_sub,2.0,41,0.039989406779661014
piecewise_sub,2.0,42,0.03898635477582846
piecewise_sub,2.0,43,0.03724928366762178
piecewise_sub,2.0,44,0.03645116918844567
piecewise_sub,2.0,45,0.03551401869158879
piecewise_sub,2.0,46,0.03654724693435922
piecewise_sub,2.0,47,0.03387877391103941
piecewise_sub,2.0,48,0.032066508313539195
piecewise_sub,2.0,49,0.033216374269005845
piecewise_sub,2.0,50,0.03361344537815126
piecewise_sub,2.0,51,0.031090289608177172
piecewise_sub,2.0,52,0.029917121487770367
piecewise_sub,2.0,53,0.031141868512110725
piecewise_sub,2.0,54,0.02822414503502266
piecewise_sub,2.0,55,0.028747433264887063
piecewise_sub,2.0,56,0.02892249527410208
piecewise_sub,2.0,57,0.02838511699271193
piecewise_sub,2.0,58,0.028708133971291867
piecewise_sub,2.0,59,0.0259588008708759
piecewise_sub,2.0,60,0.026018099547511313
piecewise_sub,2.0,61,0.02454102660172349
piecewise_sub,2.0,62,0.02762334954829743
piecewise_sub,2.0,63,0.024774774774774775
piecewise_sub,2.0,64,0.02559192200557103
piecewise_sub,2.0,65,0.024110605294216828
piecewise_sub,2.0,66,0.024486980513881703
piecewise_sub,2.0,67,0.02336202353767785
piecewise_sub,2.0,68,0.024570419142444195
piecewise_sub,2.0,69,0.023195084485407066
piecewise_sub,2.0,70,0.022773044151820295
piecewise_sub,2.0,71,0.02153514843870174
piecewise_sub,4.0,1,1.0
piecewise_sub,4.0,2,0.828125
piecewise_sub,4.0,3,0.7352941176470589
piecewise_sub,4.0,4,0.5137254901960784
piecewise_sub,4.0,5,0.5847953216374269
piecewise_sub,4.0,6,0.4380952380952381
piecewise_sub,4.0,7,0.40274599542334094
piecewise_sub,4.0,8,0.3230769230769231
piecewise_sub,4.0,9,0.27116402116402116
piecewise_sub,4.0,10,0.24733268671193018
piecewise_sub,4.0,11,0.2674033149171271
piecewise_sub,4.0,12,0.23853211009174313
piecewise_sub,4.0,13,0.22895622895622897
piecewise_sub,4.0,14,0.1963963963963964
piecewise_sub,4.0,15,0.17578947368421052
piecewise_sub,4.0,16,0.18953252032520326
piecewise_sub,4.0,17,0.17866909753874202
piecewise_sub,4.0,18,0.15849673202614378
piecewise_sub,4.0,19,0.13092417061611375
piecewise_sub,4.0,20,0.14218645204560698
piecewise_sub,4.0,21,0.12195121951219512
piecewise_sub,4.0,22,0.11478477854023705
piecewise_sub,4.0,23,0.12842712842712842
piecewise_sub,4.0,24,0.10836219693221177
piecewise_sub,4.0,25,0.09940357852882704
piecewise_sub,4.0,26,0.09782608695652174
piecewise_sub,4.0,27,0.10133333333333333
piecewise_sub,4.0,28,0.09817549956559514
piecewise_sub,4.0,29,0.0893874643874644
piecewise_sub,4.0,30,0.08997520368402409
piecewise_sub,4.0,31,0.09410112359550561
piecewise_sub,4.0,32,0.08235823582358236
piecewise_sub,4.0,33,0.07675534234627127
piecewise_sub,4.0,34,0.07432194434660092
piecewise_sub,4.0,35,0.07426185505517446
piecewise_sub,4.0,36,0.0704647676161919
piecewise_sub,4.0,37,0.06878118317890235
piecewise_sub,4.0,38,0.06958333333333333
piecewise_sub,4.0,39,0.06610828597068501
piecewise_sub,4.0,40,0.06232897537245363
piecewise_sub,4.0,41,0.06344669905687339
piecewise_sub,4.0,42,0.06837131739855476
piecewise_sub,4.0,43,0.05952060328575276
piecewise_sub,4.0,44,0.05567819475104243
piecewise_sub,4.0,45,0.06001154068090017
piecewise_sub,4.0,46,0.056860036832412524
piecewise_sub,4.0,47,0.053420805998125584
piecewise_sub,4.0,48,0.05460829493087557
piecewise_sub,4.0,49,0.05091506335053965
piecewise_sub,4.0,50,0.05484024797329518
piecewise_sub,4.0,51,0.04936240230357877
piecewise_sub,4.0,52,0.051103843008994274
piecewise_sub,4.0,53,0.04909332153914197
piecewise_sub,4.0,54,0.04525236898085477
piecewise_sub,4.0,55,0.045543776992540246
piecewise_sub,4.0,56,0.04815983175604627
piecewise_sub,4.0,57,0.04224224224224224
piecewise_sub,4.0,58,0.043810289389067524
piecewise_sub,4.0,59,0.04443530137831722
piecewise_sub,4.0,60,0.044877049180327866
piecewise_sub,4.0,61,0.041760954536103685
piecewise_sub,4.0,62,0.04397299903567985
piecewise_sub,4.0,63,0.039493293591654245
piecewise_sub,4.0,64,0.04243800209570381
piecewise_sub,4.0,65,0.038065159574468085
piecewise_sub,4.0,66,0.038417337054670826
piecewise_sub,4.0,67,0.03640500568828214
piecewise_sub,4.0,68,0.037255867388806825
piecewise_sub,4.0,69,0.036805783766020374
piecewise_sub,4.0,70,0.03704856787048568
piecewise_sub,4.0,71,0.03550392670157068
piecewise_sub,8.0,1,1.0
piecewise_sub,8.0,2,0.964
piecewise_sub,8.0,3,0.8949771689497716
piecewise_sub,8.0,4,0.7978142076502732
piecewise_sub,8.0,5,0.7671840354767184
piecewise_sub,8.0,6,0.7655367231638418
piecewise_sub,8.0,7,0.6936339522546419
piecewise_sub,8.0,8,0.6646090534979424
piecewise_sub,8.0,9,0.5820689655172414
piecewise_sub,8.0,10,0.5479603087100331
piecewise_sub,8.0,11,0.5242451967063129
piecewise_sub,8.0,12,0.5
piecewise_sub,8.0,13,0.4492619926199262
piecewise_sub,8.0,14,0.455584872471416
piecewise_sub,8.0,15,0.4105865522174535
piecewise_sub,8.0,16,0.4232233502538071
piecewise_sub,8.0,17,0.37706270627062705
piecewise_sub,8.0,18,0.3568106312292359
piecewise_sub,8.0,19,0.3771186440677966
piecewise_sub,8.0,20,0.37308228730822873
piecewise_sub,8.0,21,0.325508607198748
piecewise_sub,8.0,22,0.30857142857142855
piecewise_sub,8.0,23,0.3069888961463096
piecewise_sub,8.0,24,0.30727762803234504
piecewise_sub,8.0,25,0.30358018636586565
piecewise_sub,8.0,26,0.2940851299060254
piecewise_sub,8.0,27,0.2836615220862161
piecewise_sub,8.0,28,0.25669183253260125
piecewise_sub,8.0,29,0.257026291931097
piecewise_sub,8.0,30,0.2614322691975841
piecewise_sub,8.0,31,0.22949336550060315
piecewise_sub,8.0,32,0.22634445200816883
piecewise_sub,8.0,33,0.24304761904761904
piecewise_sub,8.0,34,0.22250361794500723
piecewise_sub,8.0,35,0.22283134472750726
piecewise_sub,8.0,36,0.20877659574468085
piecewise_sub,8.0,37,0.23435764531654943
piecewise_sub,8.0,38,0.1989365029715358
piecewise_sub,8.0,39,0.21197867670116025
piecewise_sub,8.0,40,0.19612856099342585
piecewise_sub,8.0,41,0.18908666472133062
piecewise_sub,8.0,42,0.17805500425290616
piecewise_sub,8.0,43,0.18287099380554808
piecewise_sub,8.0,44,0.1950526016491328
piecewise_sub,8.0,45,0.1732466326056665
piecewise_sub,8.0,46,0.17259461924304606
piecewise_sub,8.0,47,0.16491473954683486
piecewise_sub,8.0,48,0.15668523676880222
piecewise_sub,8.0,49,0.17983074753173484
piecewise_sub,8.0,50,0.15963918607090413
piecewise_sub,8.0,51,0.15601420328450954
piecewise_sub,8.0,52,0.16097775820303897
piecewise_sub,8.0,53,0.1437151437151437
piecewise_sub,8.0,54,0.14757614757614756
piecewise_sub,8.0,55,0.1437403400309119
piecewise_sub,8.0,56,0.13777490297542044
piecewise_sub,8.0,57,0.14685590380445496
piecewise_sub,8.0,58,0.1603250099088387
piecewise_sub,8.0,59,0.13821596244131457
piecewise_sub,8.0,60,0.13818117480537861
piecewise_sub,8.0,61,0.13147199151793604
piecewise_sub,8.0,62,0.127444009953786
piecewise_sub,8.0,63,0.13353917406406793
piecewise_sub,8.0,64,0.12891092494443496
piecewise_sub,8.0,65,0.11869709238130291
piecewise_sub,8.0,66,0.1268724057029417
piecewise_sub,8.0,67,0.12790300546448088
piecewise_sub,8.0,68,0.11642214860388074
piecewise_sub,8.0,69,0.12269548633184997
piecewise_sub,8.0,70,0.1166313731878156
piecewise_sub,8.0,71,0.1160529252351347
piecewise_sub,16.0,1,1.0
piecewise_sub,16.0,2,1.0
piecewise_sub,16.0,3,1.0
piecewise_sub,16.0,4,0.9919028340080972
piecewise_sub,16.0,5,1.0
piecewise_sub,16.0,6,0.9792207792207792
piecewise_sub,16.0,7,0.9791666666666666
piecewise_sub,16.0,8,0.9651898734177216
piecewise_sub,16.0,9,0.9620418848167539
piecewise_sub,16.0,10,0.9506369426751592
piecewise_sub,16.0,11,0.9508881922675027
piecewise_sub,16.0,12,0.9204771371769384
piecewise_sub,16.0,13,0.9132165605095541
piecewise_sub,16.0,14,0.9146341463414634
piecewise_sub,16.0,15,0.9141234918381831
piecewise_sub,16.0,16,0.9077961019490255
piecewise_sub,16.0,17,0.8934036939313984
piecewise_sub,16.0,18,0.8661887694145759
piecewise_sub,16.0,19,0.8751418842224744
piecewise_sub,16.0,20,0.859968766267569
piecewise_sub,16.0,21,0.8568265682656827
piecewise_sub,16.0,22,0.8621495327102804
piecewise_sub,16.0,23,0.8457368161655988
piecewise_sub,16.0,24,0.8341463414634146
piecewise_sub,16.0,25,0.8238993710691824
piecewise_sub,16.0,26,0.8228602383531961
piecewise_sub,16.0,27,0.8128593831677993
piecewise_sub,16.0,28,0.8019874861980125
piecewise_sub,16.0,29,0.8025545502927088
piecewise_sub,16.0,30,0.7989965506428347
piecewise_sub,16.0,31,0.7963115882191026
piecewise_sub,16.0,32,0.7803752691479545
piecewise_sub,16.0,33,0.7834119496855346
piecewise_sub,16.0,34,0.781664656212304
piecewise_sub,16.0,35,0.7623762376237624
piecewise_sub,16.0,36,0.7649286338479464
piecewise_sub,16.0,37,0.764287920914427
piecewise_sub,16.0,38,0.771570453134699
piecewise_sub,16.0,39,0.7550960118168389
piecewise_sub,16.0,40,0.7459968602825746
piecewise_sub,16.0,41,0.7358490566037735
piecewise_sub,16.0,42,0.7296965982224947
piecewise_sub,16.0,43,0.7272079772079773
piecewise_sub,16.0,44,0.717008797653959
piecewise_sub,16.0,45,0.7043997346893655
piecewise_sub,16.0,46,0.697992700729927
piecewise_sub,16.0,47,0.7074335548172758
piecewise_sub,16.0,48,0.698314740090197
piecewise_sub,16.0,49,0.689037497014569
piecewise_sub,16.0,50,0.6910362364907819
piecewise_sub,16.0,51,0.6920261437908497
piecewise_sub,16.0,52,0.6938901460604814
piecewise_sub,16.0,53,0.6695721077654516
piecewise_sub,16.0,54,0.6625218573926559
piecewise_sub,16.0,55,0.6578249336870027
piecewise_sub,16.0,56,0.6624040920716112
piecewise_sub,16.0,57,0.6573883803474687
piecewise_sub,16.0,58,0.6478244700632205
piecewise_sub,16.0,59,0.6389432485322897
piecewise_sub,16.0,60,0.6364526233359437
piecewise_sub,16.0,61,0.6339141368780312
piecewise_sub,16.0,62,0.6498693542366555
piecewise_sub,16.0,63,0.6290661070304302
piecewise_sub,16.0,64,0.6207553707553708
piecewise_sub,16.0,65,0.6308038808038808
piecewise_sub,16.0,66,0.6113031455236778
piecewise_sub,16.0,67,0.6324987397076122
piecewise_sub,16.0,68,0.6187560425394779
piecewise_sub,16.0,69,0.6068601583113457
piecewise_sub,16.0,70,0.6035143769968051
piecewise_sub,16.0,71,0.5928283141881403
piecewise_sub,32.0,1,1.0
piecewise_sub,32.0,2,1.0
piecewise_sub,32.0,3,1.0
piecewise_sub,32.0,4,1.0
piecewise_sub,32.0,5,1.0
piecewise_sub,32.0,6,1.0
piecewise_sub,32.0,7,1.0
piecewise_sub,32.0,8,1.0
piecewise_sub,32.0,9,1.0
piecewise_sub,32.0,10,1.0
piecewise_sub,32.0,11,1.0
piecewise_sub,32.0,12,1.0
piecewise_sub,32.0,13,1.0
piecewise_sub,32.0,14,1.0
piecewise_sub,32.0,15,1.0
piecewise_sub,32.0,16,1.0
piecewise_sub,32.0,17,1.0
piecewise_sub,32.0,18,1.0
piecewise_sub,32.0,19,1.0
piecewise_sub,32.0,20,1.0
piecewise_sub,32.0,21,1.0
piecewise_sub,32.0,22,1.0
piecewise_sub,32.0,23,1.0
piecewise_sub,32.0,24,1.0
piecewise_sub,32.0,25,1.0
piecewise_sub,32.0,26,1.0
piecewise_sub,32.0,27,1.0
piecewise_sub,32.0,28,1.0
piecewise_sub,32.0,29,0.9995988768551946
piecewise_sub,32.0,30,0.9996994289149383
piecewise_sub,32.0,31,1.0
piecewise_sub,32.0,32,0.9996447602131439
piecewise_sub,32.0,33,0.9996600951733514
piecewise_sub,32.0,34,1.0
piecewise_sub,32.0,35,0.9996873045653534
piecewise_sub,32.0,36,0.9997301672962763
piecewise_sub,32.0,37,0.9989568845618915
piecewise_sub,32.0,38,0.9984953355401746
piecewise_sub,32.0,39,0.9993197278911564
piecewise_sub,32.0,40,0.9990607388854101
piecewise_sub,32.0,41,0.9989401165871754
piecewise_sub,32.0,42,0.9990969295605057
piecewise_sub,32.0,43,0.9987396017141417
piecewise_sub,32.0,44,0.9992670412900073
piecewise_sub,32.0,45,0.9987593052109182
piecewise_sub,32.0,46,0.9981338931653837
piecewise_sub,32.0,47,0.9981432360742706
piecewise_sub,32.0,48,0.9982421875
piecewise_sub,32.0,49,0.9984368021438143
piecewise_sub,32.0,50,0.9977006208323752
piecewise_sub,32.0,51,0.9970839408456571
piecewise_sub,32.0,52,0.9979906229068989
piecewise_sub,32.0,53,0.9972144846796658
piecewise_sub,32.0,54,0.9979423868312757
piecewise_sub,32.0,55,0.998435972629521
piecewise_sub,32.0,56,0.9973343488194973
piecewise_sub,32.0,57,0.997672450275074
piecewise_sub,32.0,58,0.9976525821596244
piecewise_sub,32.0,59,0.9966486687767641
piecewise_sub,32.0,60,0.9977645305514158
piecewise_sub,32.0,61,0.996952961340697
piecewise_sub,32.0,62,0.9967672413793104
piecewise_sub,32.0,63,0.9961712495649148
piecewise_sub,32.0,64,0.9962699822380107
piecewise_sub,32.0,65,0.9957969065232011
piecewise_sub,32.0,66,0.994337680164722
piecewise_sub,32.0,67,0.9967007588254702
piecewise_sub,32.0,68,0.9962158604804212
piecewise_sub,32.0,69,0.9966782663714014
piecewise_sub,32.0,70,0.9957426679280984
piecewise_sub,32.0,71,0.992969848461178
piecewise_sub,64.0,1,1.0
piecewise_sub,64.0,2,1.0
piecewise_sub,64.0,3,1.0
piecewise_sub,64.0,4,1.0
piecewise_sub,64.0,5,1.0
piecewise_sub,64.0,6,1.0
piecewise_sub,64.0,7,1.0
piecewise_sub,64.0,8,1.0
piecewise_sub,64.0,9,1.0
piecewise_sub,64.0,10,1.0
piecewise_sub,64.0,11,1.0
piecewise_sub,64.0,12,1.0
piecewise_sub,64.0,13,1.0
piecewise_sub,64.0,14,1.0
piecewise_sub,64.0,15,1.0
piecewise_sub,64.0,16,1.0
piecewise_sub,64.0,17,1.0
piecewise_sub,64.0,18,1.0
piecewise_sub,64.0,19,1.0
piecewise_sub,64.0,20,1.0
piecewise_sub,64.0,21,1.0
piecewise_sub,64.0,22,1.0
piecewise_sub,64.0,23,1.0
piecewise_sub,64.0,24,1.0
piecewise_sub,64.0,25,1.0
piecewise_sub,64.0,26,1.0
piecewise_sub,64.0,27,1.0
piecewise_sub,64.0,28,1.0
piecewise_sub,64.0,29,1.0
piecewise_sub,64.0,30,1.0
piecewise_sub,64.0,31,1.0
piecewise_sub,64.0,32,1.0
piecewise_sub,64.0,33,1.0
piecewise_sub,64.0,34,1.0
piecewise_sub,64.0,35,1.0
piecewise_sub,64.0,36,1.0
piecewise_sub,64.0,37,1.0
piecewise_sub,64.0,38,1.0
piecewise_sub,64.0,39,1.0
piecewise_sub,64.0,40,1.0
piecewise_sub,64.0,41,1.0
piecewise_sub,64.0,42,1.0
piecewise_sub,64.0,43,1.0
piecewise_sub,64.0,44,1.0
piecewise_sub,64.0,45,1.0
piecewise_sub,64.0,46,1.0
piecewise_sub,64.0,47,1.0
piecewise_sub,64.0,48,1.0
piecewise_sub,64.0,49,1.0
piecewise_sub,64.0,50,1.0
piecewise_sub,64.0,51,1.0
piecewise_sub,64.0,52,1.0
piecewise_sub,64.0,53,1.0
piecewise_sub,64.0,54,1.0
piecewise_sub,64.0,55,1.0
piecewise_sub,64.0,56,1.0
piecewise_sub,64.0,57,1.0
piecewise_sub,64.0,58,1.0
piecewise_sub,64.0,59,1.0
piecewise_sub,64.0,60,1.0
piecewise_sub,64.0,61,1.0
piecewise_sub,64.0,62,1.0
piecewise_sub,64.0,63,1.0
piecewise_sub,64.0,64,1.0
piecewise_sub,64.0,65,1.0
piecewise_sub,64.0,66,1.0
piecewise_sub,64.0,67,1.0
piecewise_sub,64.0,68,0.9996676084427456
piecewise_sub,64.0,69,1.0
piecewise_sub,64.0,70,0.9998421717171717
piecewise_sub,64.0,71,1.0
piecewise_sub,inf,1,1.0
piecewise_sub,inf,2,1.0
piecewise_sub,inf,3,1.0
piecewise_sub,inf,4,1.0
piecewise_sub,inf,5,1.0
piecewise_sub,inf,6,1.0
piecewise_sub,inf,7,1.0
piecewise_sub,inf,8,1.0
piecewise_sub,inf,9,1.0
piecewise_sub,inf,10,1.0
piecewise_sub,inf,11,1.0
piecewise_sub,inf,12,1.0
piecewise_sub,inf,13,1.0
piecewise_sub,inf,14,1.0
piecewise_sub,inf,15,1.0
piecewise_sub,inf,16,1.0
piecewise_sub,inf,17,1.0
piecewise_sub,inf,18,1.0
piecewise_sub,inf,19,1.0
piecewise_sub,inf,20,1.0
piecewise_sub,inf,21,1.0
piecewise_sub,inf,22,1.0
piecewise_sub,inf,23,1.0
piecewise_sub,inf,24,1.0
piecewise_sub,inf,25,1.0
piecewise_sub,inf,26,1.0
piecewise_sub,inf,27,1.0
piecewise_sub,inf,28,1.0
piecewise_sub,inf,29,1.0
piecewise_sub,inf,30,1.0
piecewise_sub,inf,31,1.0
piecewise_sub,inf,32,1.0
piecewise_sub,inf,33,1.0
piecewise_sub,inf,34,1.0
piecewise_sub,inf,35,1.0
piecewise_sub,inf,36,1.0
piecewise_sub,inf,37,1.0
piecewise_sub,inf,38,1.0
piecewise_sub,inf,39,1.0
piecewise_sub,inf,40,1.0
piecewise_sub,inf,41,1.0
piecewise_sub,inf,42,1.0
piecewise_sub,inf,43,1.0
piecewise_sub,inf,44,1.0
piecewise_sub,inf,45,1.0
piecewise_sub,inf,46,1.0
piecewise_sub,inf,47,1.0
piecewise_sub,inf,48,1.0
piecewise_sub,inf,49,1.0
piecewise_sub,inf,50,1.0
piecewise_sub,inf,51,1.0
piecewise_sub,inf,52,1.0
piecewise_sub,inf,53,1.0
piecewise_sub,inf,54,1.0
piecewise_sub,inf,55,1.0
piecewise_sub,inf,56,1.0
piecewise_sub,inf,57,1.0
piecewise_sub,inf,58,1.0
piecewise_sub,inf,59,1.0
piecewise_sub,inf,60,1.0
piecewise_sub,inf,61,1.0
piecewise_sub,inf,62,1.0
piecewise_sub,inf,63,1.0
piecewise_sub,inf,64,1.0
piecewise_sub,inf,65,1.0
piecewise_sub,inf,66,1.0
piecewise_sub,inf,67,1.0
piecewise_sub,inf,68,1.0
piecewise_sub,inf,69,1.0
piecewise_sub,inf,70,1.0
piecewise_sub,inf,71,1.0
