mechanism,eps,n_users,accuracy
laplace,1.0,1,1.0
laplace,1.0,2,0.527890625
laplace,1.0,3,0.35791666666666666
laplace,1.0,4,0.2805859375
laplace,1.0,5,0.2273125
laplace,1.0,6,0.19432291666666668
laplace,1.0,7,0.1671875
laplace,1.0,8,0.14833984375
laplace,1.0,9,0.13288194444444446
laplace,1.0,10,0.121140625
laplace,1.0,11,0.11132102272727273
laplace,1.0,12,0.10127604166666666
laplace,1.0,13,0.09459134615384615
laplace,1.0,14,0.08862723214285714
laplace,1.0,15,0.08207291666666666
laplace,1.0,16,0.078740234375
laplace,1.0,17,0.07449448529411765
laplace,1.0,18,0.07079861111111112
laplace,1.0,19,0.06652138157894737
laplace,1.0,20,0.0630546875
laplace,1.0,21,0.06084821428571428
laplace,1.0,22,0.05614346590909091
laplace,1.0,23,0.05533288043478261
laplace,1.0,24,0.05251302083333333
laplace,1.0,25,0.0500625
laplace,1.0,26,0.049074519230769234
laplace,1.0,27,0.04793981481481482
laplace,1.0,28,0.045770089285714285
laplace,1.0,29,0.04514547413793103
laplace,1.0,30,0.04211458333333333
laplace,1.0,31,0.041003024193548385
laplace,1.0,32,0.0402734375
laplace,1.0,33,0.03877367424242424
laplace,1.0,34,0.037748161764705884
laplace,1.0,35,0.03721875
laplace,1.0,36,0.035772569444444444
laplace,1.0,37,0.03480152027027027
laplace,1.0,38,0.033745888157894734
laplace,1.0,39,0.032756410256410254
laplace,1.0,40,0.0325078125
laplace,1.0,41,0.031505335365853655
laplace,1.0,42,0.031116071428571427
laplace,1.0,43,0.029727470930232557
laplace,1.0,44,0.029875710227272728
laplace,1.0,45,0.028819444444444446
laplace,1.0,46,0.027873641304347826
laplace,1.0,47,0.027709441489361702
laplace,1.0,48,0.02673828125
laplace,1.0,49,0.027369260204081633
laplace,1.0,50,0.02575625
laplace,1.0,51,0.025392156862745097
laplace,1.0,52,0.025096153846153844
laplace,1.0,53,0.02455188679245283
laplace,1.0,54,0.023697916666666666
laplace,1.0,55,0.023707386363636365
laplace,1.0,56,0.023540736607142856
laplace,1.0,57,0.023081140350877192
laplace,1.0,58,0.02240301724137931
laplace,1.0,59,0.021872351694915255
laplace,1.0,60,0.02172135416666667
laplace,1.0,61,0.02128329918032787
laplace,1.0,62,0.02112147177419355
laplace,1.0,63,0.0212921626984127
laplace,1.0,64,0.02062744140625
laplace,1.0,65,0.020064903846153847
laplace,1.0,66,0.019464962121212123
laplace,1.0,67,0.019395988805970148
laplace,1.0,68,0.01961856617647059
laplace,1.0,69,0.019166666666666665
laplace,1.0,70,0.018513392857142857
laplace,1.0,71,0.0183318661971831
laplace,2.0,1,1.0
laplace,2.0,2,0.569765625
laplace,2.0,3,0.40802083333333333
laplace,2.0,4,0.326640625
laplace,2.0,5,0.26865625
laplace,2.0,6,0.22966145833333335
laplace,2.0,7,0.20714285714285716
laplace,2.0,8,0.1801171875
laplace,2.0,9,0.16576388888888888
laplace,2.0,10,0.14909375
laplace,2.0,11,0.13703125
laplace,2.0,12,0.1264453125
laplace,2.0,13,0.12114182692307693
laplace,2.0,14,0.11150669642857143
laplace,2.0,15,0.10320833333333333
laplace,2.0,16,0.098916015625
laplace,2.0,17,0.0927297794117647
laplace,2.0,18,0.08741319444444444
laplace,2.0,19,0.08349506578947369
laplace,2.0,20,0.07909375
laplace,2.0,21,0.07635416666666667
laplace,2.0,22,0.07294744318181819
laplace,2.0,23,0.06898777173913044
laplace,2.0,24,0.06751953125
laplace,2.0,25,0.06489375
laplace,2.0,26,0.06259615384615384
laplace,2.0,27,0.06034722222222222
laplace,2.0,28,0.05858258928571428
laplace,2.0,29,0.057101293103448275
laplace,2.0,30,0.05428125
laplace,2.0,31,0.05307963709677419
laplace,2.0,32,0.051064453125
laplace,2.0,33,0.049479166666666664
laplace,2.0,34,0.048478860294117646
laplace,2.0,35,0.04681696428571429
laplace,2.0,36,0.04578993055555555
laplace,2.0,37,0.044569256756756756
laplace,2.0,38,0.04375822368421053
laplace,2.0,39,0.042423878205128204
laplace,2.0,40,0.041296875
laplace,2.0,41,0.04030487804878049
laplace,2.0,42,0.03933779761904762
laplace,2.0,43,0.03894622093023256
laplace,2.0,44,0.03799715909090909
laplace,2.0,45,0.03714236111111111
laplace,2.0,46,0.035747282608695655
laplace,2.0,47,0.03530585106382979
laplace,2.0,48,0.034612630208333335
laplace,2.0,49,0.034346301020408164
laplace,2.0,50,0.032915625
laplace,2.0,51,0.0327359068627451
laplace,2.0,52,0.03197415865384615
laplace,2.0,53,0.03227004716981132
laplace,2.0,54,0.03052372685185185
laplace,2.0,55,0.03084375
laplace,2.0,56,0.029849330357142857
laplace,2.0,57,0.02940515350877193
laplace,2.0,58,0.029189116379310345
laplace,2.0,59,0.028588453389830508
laplace,2.0,60,0.028388020833333333
laplace,2.0,61,0.027679303278688526
laplace,2.0,62,0.027268145161290322
laplace,2.0,63,0.02679563492063492
laplace,2.0,64,0.0262841796875
laplace,2.0,65,0.025478365384615384
laplace,2.0,66,0.025097064393939394
laplace,2.0,67,0.024958022388059702
laplace,2.0,68,0.024802389705882354
laplace,2.0,69,0.02428215579710145
laplace,2.0,70,0.0239375
laplace,2.0,71,0.023732394366197184
laplace,4.0,1,1.0
laplace,4.0,2,0.65921875
laplace,4.0,3,0.5124479166666667
laplace,4.0,4,0.415390625
laplace,4.0,5,0.365625
laplace,4.0,6,0.3160677083333333
laplace,4.0,7,0.281875
laplace,4.0,8,0.2513671875
laplace,4.0,9,0.23012152777777778
laplace,4.0,10,0.2149375
laplace,4.0,11,0.19340909090909092
laplace,4.0,12,0.18046875
laplace,4.0,13,0.16973557692307692
laplace,4.0,14,0.15652901785714285
laplace,4.0,15,0.14977083333333333
laplace,4.0,16,0.139990234375
laplace,4.0,17,0.13552389705882353
laplace,4.0,18,0.12897569444444446
laplace,4.0,19,0.1203125
laplace,4.0,20,0.1161171875
laplace,4.0,21,0.11162202380952381
laplace,4.0,22,0.10890625
laplace,4.0,23,0.1026766304347826
laplace,4.0,24,0.10044921875
laplace,4.0,25,0.0961625
laplace,4.0,26,0.09208533653846154
laplace,4.0,27,0.09031828703703704
laplace,4.0,28,0.086953125
laplace,4.0,29,0.08351293103448276
laplace,4.0,30,0.08114583333333333
laplace,4.0,31,0.0781804435483871
laplace,4.0,32,0.076708984375
laplace,4.0,33,0.07410037878787878
laplace,4.0,34,0.07260110294117647
laplace,4.0,35,0.07041517857142857
laplace,4.0,36,0.06817274305555555
laplace,4.0,37,0.06709881756756757
laplace,4.0,38,0.06494243421052631
laplace,4.0,39,0.06397035256410256
laplace,4.0,40,0.062546875
laplace,4.0,41,0.059916158536585364
laplace,4.0,42,0.05940848214285714
laplace,4.0,43,0.05793241279069768
laplace,4.0,44,0.057002840909090906
laplace,4.0,45,0.055850694444444446
laplace,4.0,46,0.054813179347826084
laplace,4.0,47,0.052772606382978725
laplace,4.0,48,0.05225260416666667
laplace,4.0,49,0.050701530612244895
laplace,4.0,50,0.050034375
laplace,4.0,51,0.049050245098039215
laplace,4.0,52,0.04762019230769231
laplace,4.0,53,0.047317216981132074
laplace,4.0,54,0.04673032407407408
laplace,4.0,55,0.0460625
laplace,4.0,56,0.045460379464285716
laplace,4.0,57,0.044366776315789475
laplace,4.0,58,0.04355334051724138
laplace,4.0,59,0.04305349576271186
laplace,4.0,60,0.04248958333333333
laplace,4.0,61,0.04204405737704918
laplace,4.0,62,0.041413810483870966
laplace,4.0,63,0.04030505952380952
laplace,4.0,64,0.0398828125
laplace,4.0,65,0.03912019230769231
laplace,4.0,66,0.03845880681818182
laplace,4.0,67,0.0378964552238806
laplace,4.0,68,0.037293198529411764
laplace,4.0,69,0.03713088768115942
laplace,4.0,70,0.036573660714285715
laplace,4.0,71,0.03606294014084507
laplace,8.0,1,1.0
laplace,8.0,2,0.773125
laplace,8.0,3,0.6503645833333334
laplace,8.0,4,0.550234375
laplace,8.0,5,0.4911875
laplace,8.0,6,0.4413020833333333
laplace,8.0,7,0.4017857142857143
laplace,8.0,8,0.3709375
laplace,8.0,9,0.34074652777777775
laplace,8.0,10,0.3169375
laplace,8.0,11,0.2990056818181818
laplace,8.0,12,0.2784765625
laplace,8.0,13,0.2670192307692308
laplace,8.0,14,0.25051339285714286
laplace,8.0,15,0.23439583333333333
laplace,8.0,16,0.22505859375
laplace,8.0,17,0.21043198529411763
laplace,8.0,18,0.20479166666666668
laplace,8.0,19,0.19652138157894736
laplace,8.0,20,0.1890234375
laplace,8.0,21,0.18264136904761905
laplace,8.0,22,0.17377130681818181
laplace,8.0,23,0.16987771739130436
laplace,8.0,24,0.16108723958333335
laplace,8.0,25,0.1580375
laplace,8.0,26,0.15290264423076924
laplace,8.0,27,0.14738425925925927
laplace,8.0,28,0.14305803571428571
laplace,8.0,29,0.1397198275862069
laplace,8.0,30,0.13433333333333333
laplace,8.0,31,0.13171875
laplace,8.0,32,0.1289697265625
laplace,8.0,33,0.12475852272727272
laplace,8.0,34,0.12075827205882353
laplace,8.0,35,0.11735714285714285
laplace,8.0,36,0.11598524305555556
laplace,8.0,37,0.11178631756756757
laplace,8.0,38,0.11201891447368421
laplace,8.0,39,0.1074198717948718
laplace,8.0,40,0.10527734375
laplace,8.0,41,0.10336890243902438
laplace,8.0,42,0.10158482142857143
laplace,8.0,43,0.09962209302325581
laplace,8.0,44,0.09694247159090909
laplace,8.0,45,0.09462847222222222
laplace,8.0,46,0.09324388586956522
laplace,8.0,47,0.09139960106382979
laplace,8.0,48,0.088876953125
laplace,8.0,49,0.08839285714285715
laplace,8.0,50,0.0858875
laplace,8.0,51,0.08423713235294118
laplace,8.0,52,0.08377103365384615
laplace,8.0,53,0.08104952830188679
laplace,8.0,54,0.08097222222222222
laplace,8.0,55,0.07851136363636364
laplace,8.0,56,0.07815011160714286
laplace,8.0,57,0.07641173245614036
laplace,8.0,58,0.07512122844827586
laplace,8.0,59,0.07457097457627118
laplace,8.0,60,0.0727265625
laplace,8.0,61,0.07144723360655737
laplace,8.0,62,0.07128780241935484
laplace,8.0,63,0.0690500992063492
laplace,8.0,64,0.0693212890625
laplace,8.0,65,0.06706730769230769
laplace,8.0,66,0.06712357954545455
laplace,8.0,67,0.06605410447761194
laplace,8.0,68,0.06537683823529412
laplace,8.0,69,0.06459239130434782
laplace,8.0,70,0.06397767857142857
laplace,8.0,71,0.06246038732394366
laplace,16.0,1,1.0
laplace,16.0,2,0.881484375
laplace,16.0,3,0.7655208333333333
laplace,16.0,4,0.7016796875
laplace,16.0,5,0.64578125
laplace,16.0,6,0.5904166666666667
laplace,16.0,7,0.5551785714285714
laplace,16.0,8,0.5241015625
laplace,16.0,9,0.49102430555555554
laplace,16.0,10,0.46278125
laplace,16.0,11,0.4394886363636364
laplace,16.0,12,0.4175390625
laplace,16.0,13,0.40016826923076926
laplace,16.0,14,0.378046875
laplace,16.0,15,0.36105208333333333
laplace,16.0,16,0.342998046875
laplace,16.0,17,0.33307904411764705
laplace,16.0,18,0.32133680555555555
laplace,16.0,19,0.3113733552631579
laplace,16.0,20,0.2979140625
laplace,16.0,21,0.2882142857142857
laplace,16.0,22,0.27795454545454545
laplace,16.0,23,0.26870923913043476
laplace,16.0,24,0.26237630208333335
laplace,16.0,25,0.25539375
laplace,16.0,26,0.24897836538461537
laplace,16.0,27,0.23938078703703702
laplace,16.0,28,0.23677455357142857
laplace,16.0,29,0.2314439655172414
laplace,16.0,30,0.224015625
laplace,16.0,31,0.21610887096774192
laplace,16.0,32,0.211640625
laplace,16.0,33,0.2064157196969697
laplace,16.0,34,0.20207720588235295
laplace,16.0,35,0.19652232142857143
laplace,16.0,36,0.19182291666666668
laplace,16.0,37,0.1897972972972973
laplace,16.0,38,0.18499588815789475
laplace,16.0,39,0.18216346153846155
laplace,16.0,40,0.177046875
laplace,16.0,41,0.17486661585365854
laplace,16.0,42,0.17048363095238095
laplace,16.0,43,0.16690770348837208
laplace,16.0,44,0.16421875
laplace,16.0,45,0.160375
laplace,16.0,46,0.15776834239130436
laplace,16.0,47,0.15435505319148937
laplace,16.0,48,0.151982421875
laplace,16.0,49,0.1499330357142857
laplace,16.0,50,0.147128125
laplace,16.0,51,0.14557291666666666
laplace,16.0,52,0.14232872596153845
laplace,16.0,53,0.13982606132075473
laplace,16.0,54,0.13815972222222223
laplace,16.0,55,0.1362528409090909
laplace,16.0,56,0.13352957589285713
laplace,16.0,57,0.13129660087719297
laplace,16.0,58,0.12963631465517242
laplace,16.0,59,0.12779396186440678
laplace,16.0,60,0.126703125
laplace,16.0,61,0.12403688524590165
laplace,16.0,62,0.12250756048387097
laplace,16.0,63,0.12058779761904762
laplace,16.0,64,0.119375
laplace,16.0,65,0.11690865384615384
laplace,16.0,66,0.11711174242424242
laplace,16.0,67,0.11459421641791044
laplace,16.0,68,0.11313878676470589
laplace,16.0,69,0.11125452898550725
laplace,16.0,70,0.10955803571428571
laplace,16.0,71,0.10830105633802817
laplace,32.0,1,1.0
laplace,32.0,2,0.924765625
laplace,32.0,3,0.8758854166666666
laplace,32.0,4,0.8207421875
laplace,32.0,5,0.77715625
laplace,32.0,6,0.7444270833333333
laplace,32.0,7,0.6982589285714286
laplace,32.0,8,0.66306640625
laplace,32.0,9,0.6402256944444444
laplace,32.0,10,0.61353125
laplace,32.0,11,0.5934232954545454
laplace,32.0,12,0.5698828125
laplace,32.0,13,0.5477884615384615
laplace,32.0,14,0.5272991071428571
laplace,32.0,15,0.5125104166666666
laplace,32.0,16,0.4941796875
laplace,32.0,17,0.48222426470588237
laplace,32.0,18,0.46705729166666665
laplace,32.0,19,0.4509703947368421
laplace,32.0,20,0.44125
laplace,32.0,21,0.427328869047619
laplace,32.0,22,0.41360085227272725
laplace,32.0,23,0.4031317934782609
laplace,32.0,24,0.3923046875
laplace,32.0,25,0.38513125
laplace,32.0,26,0.37679086538461537
laplace,32.0,27,0.36549768518518516
laplace,32.0,28,0.3606529017857143
laplace,32.0,29,0.3492564655172414
laplace,32.0,30,0.3443072916666667
laplace,32.0,31,0.33692540322580644
laplace,32.0,32,0.3285693359375
laplace,32.0,33,0.32427083333333334
laplace,32.0,34,0.315
laplace,32.0,35,0.3093080357142857
laplace,32.0,36,0.30526909722222223
laplace,32.0,37,0.29733530405405406
laplace,32.0,38,0.29233552631578946
laplace,32.0,39,0.2863581730769231
laplace,32.0,40,0.28185546875
laplace,32.0,41,0.2755564024390244
laplace,32.0,42,0.273578869047619
laplace,32.0,43,0.2678670058139535
laplace,32.0,44,0.2633984375
laplace,32.0,45,0.2585590277777778
laplace,32.0,46,0.2553328804347826
laplace,32.0,47,0.2516456117021277
laplace,32.0,48,0.24817057291666667
laplace,32.0,49,0.24363520408163264
laplace,32.0,50,0.240225
laplace,32.0,51,0.2360845588235294
laplace,32.0,52,0.23243689903846154
laplace,32.0,53,0.2299764150943396
laplace,32.0,54,0.2260763888888889
laplace,32.0,55,0.2237784090909091
laplace,32.0,56,0.2186635044642857
laplace,32.0,57,0.2166748903508772
laplace,32.0,58,0.21418911637931035
laplace,32.0,59,0.20994438559322035
laplace,32.0,60,0.207296875
laplace,32.0,61,0.20501024590163935
laplace,32.0,62,0.20333417338709678
laplace,32.0,63,0.20063244047619047
laplace,32.0,64,0.19820068359375
laplace,32.0,65,0.19502403846153846
laplace,32.0,66,0.19376183712121212
laplace,32.0,67,0.19082789179104478
laplace,32.0,68,0.18763786764705884
laplace,32.0,69,0.18694067028985506
laplace,32.0,70,0.18497098214285715
laplace,32.0,71,0.18285651408450704
laplace,64.0,1,1.0
laplace,64.0,2,0.965078125
laplace,64.0,3,0.93453125
laplace,64.0,4,0.892890625
laplace,64.0,5,0.87065625
laplace,64.0,6,0.838671875
laplace,64.0,7,0.8118973214285714
laplace,64.0,8,0.7865234375
laplace,64.0,9,0.7650520833333333
laplace,64.0,10,0.751625
laplace,64.0,11,0.7256107954545454
laplace,64.0,12,0.7163541666666666
laplace,64.0,13,0.6880408653846154
laplace,64.0,14,0.6783705357142857
laplace,64.0,15,0.65921875
laplace,64.0,16,0.644892578125
laplace,64.0,17,0.63046875
laplace,64.0,18,0.6159114583333334
laplace,64.0,19,0.601266447368421
laplace,64.0,20,0.5863515625
laplace,64.0,21,0.576703869047619
laplace,64.0,22,0.5682670454545454
laplace,64.0,23,0.5559171195652174
laplace,64.0,24,0.5425846354166667
laplace,64.0,25,0.53261875
laplace,64.0,26,0.5234795673076923
laplace,64.0,27,0.5119849537037037
laplace,64.0,28,0.5059375
laplace,64.0,29,0.49483836206896553
laplace,64.0,30,0.49042708333333335
laplace,64.0,31,0.4790776209677419
laplace,64.0,32,0.4732421875
laplace,64.0,33,0.46543087121212123
laplace,64.0,34,0.4559375
laplace,64.0,35,0.4508214285714286
laplace,64.0,36,0.4435850694444444
laplace,64.0,37,0.4375506756756757
laplace,64.0,38,0.43110197368421055
laplace,64.0,39,0.4244951923076923
laplace,64.0,40,0.41936328125
laplace,64.0,41,0.41369283536585366
laplace,64.0,42,0.4082886904761905
laplace,64.0,43,0.4007703488372093
laplace,64.0,44,0.3962038352272727
laplace,64.0,45,0.39017708333333334
laplace,64.0,46,0.385679347826087
laplace,64.0,47,0.3794182180851064
laplace,64.0,48,0.37543294270833333
laplace,64.0,49,0.3699170918367347
laplace,64.0,50,0.36595625
laplace,64.0,51,0.36230085784313726
laplace,64.0,52,0.357734375
laplace,64.0,53,0.3518248820754717
laplace,64.0,54,0.349375
laplace,64.0,55,0.34430397727272727
laplace,64.0,56,0.34165457589285714
laplace,64.0,57,0.33579221491228073
laplace,64.0,58,0.3334375
laplace,64.0,59,0.3297907838983051
laplace,64.0,60,0.3248567708333333
laplace,64.0,61,0.32247950819672133
laplace,64.0,62,0.3187247983870968
laplace,64.0,63,0.3141145833333333
laplace,64.0,64,0.31207763671875
laplace,64.0,65,0.3077283653846154
laplace,64.0,66,0.30625236742424244
laplace,64.0,67,0.30226212686567167
laplace,64.0,68,0.2985317095588235
laplace,64.0,69,0.2969791666666667
laplace,64.0,70,0.29319866071428574
laplace,64.0,71,0.29024207746478875
laplace,inf,1,1.0
laplace,inf,2,0.997578125
laplace,inf,3,0.9981770833333333
laplace,inf,4,0.9959765625
laplace,inf,5,0.99490625
laplace,inf,6,0.9945052083333333
laplace,inf,7,0.9915178571428571
laplace,inf,8,0.9925
laplace,inf,9,0.9887326388888888
laplace,inf,10,0.986828125
laplace,inf,11,0.9869602272727273
laplace,inf,12,0.9846875
laplace,inf,13,0.983798076923077
laplace,inf,14,0.98015625
laplace,inf,15,0.9780416666666667
laplace,inf,16,0.9793359375
laplace,inf,17,0.9780055147058824
laplace,inf,18,0.97421875
laplace,inf,19,0.9781825657894737
laplace,inf,20,0.97621875
laplace,inf,21,0.9736011904761904
laplace,inf,22,0.9742826704545454
laplace,inf,23,0.9703328804347826
laplace,inf,24,0.9750390625
laplace,inf,25,0.96800625
laplace,inf,26,0.9690204326923076
laplace,inf,27,0.9687905092592592
laplace,inf,28,0.9642243303571428
laplace,inf,29,0.9667941810344828
laplace,inf,30,0.961484375
laplace,inf,31,0.9653780241935483
laplace,inf,32,0.96287109375
laplace,inf,33,0.9617471590909091
laplace,inf,34,0.9629319852941176
laplace,inf,35,0.9582008928571428
laplace,inf,36,0.9578255208333334
laplace,inf,37,0.9606123310810811
laplace,inf,38,0.9575452302631579
laplace,inf,39,0.9553525641025641
laplace,inf,40,0.954546875
laplace,inf,41,0.9559870426829268
laplace,inf,42,0.953046875
laplace,inf,43,0.9525109011627907
laplace,inf,44,0.955546875
laplace,inf,45,0.9500972222222223
laplace,inf,46,0.9513349184782609
laplace,inf,47,0.9527227393617022
laplace,inf,48,0.9484244791666666
laplace,inf,49,0.9493335459183674
laplace,inf,50,0.948946875
laplace,inf,51,0.946139705882353
laplace,inf,52,0.9491075721153847
laplace,inf,53,0.9473466981132076
laplace,inf,54,0.9449652777777777
laplace,inf,55,0.9433977272727273
laplace,inf,56,0.9442801339285715
laplace,inf,57,0.9430674342105263
laplace,inf,58,0.9436503232758621
laplace,inf,59,0.9429157838983051
laplace,inf,60,0.9420703125
laplace,inf,61,0.9409656762295082
laplace,inf,62,0.9404284274193548
laplace,inf,63,0.9393328373015873
laplace,inf,64,0.938662109375
laplace,inf,65,0.9384855769230769
laplace,inf,66,0.9382054924242424
laplace,inf,67,0.9374603544776119
laplace,inf,68,0.9375091911764706
laplace,inf,69,0.9365375905797102
laplace,inf,70,0.9356741071428571
laplace,inf,71,0.9357394366197183
piecewise_sub,1.0,1,1.0
piecewise_sub,1.0,2,0.541015625
piecewise_sub,1.0,3,0.37296875
piecewise_sub,1.0,4,0.2849609375
piecewise_sub,1.0,5,0.23096875
piecewise_sub,1.0,6,0.19333333333333333
piecewise_sub,1.0,7,0.16725446428571428
piecewise_sub,1.0,8,0.145546875
piecewise_sub,1.0,9,0.13171875
piecewise_sub,1.0,10,0.11815625
piecewise_sub,1.0,11,0.109375
piecewise_sub,1.0,12,0.09716145833333334
piecewise_sub,1.0,13,0.09096153846153845
piecewise_sub,1.0,14,0.08348214285714285
piecewise_sub,1.0,15,0.07877083333333333
piecewise_sub,1.0,16,0.0751171875
piecewise_sub,1.0,17,0.07061580882352941
piecewise_sub,1.0,18,0.06566840277777777
piecewise_sub,1.0,19,0.06356907894736842
piecewise_sub,1.0,20,0.0597734375
piecewise_sub,1.0,21,0.05682291666666667
piecewise_sub,1.0,22,0.054552556818181816
piecewise_sub,1.0,23,0.051480978260869566
piecewise_sub,1.0,24,0.0500390625
piecewise_sub,1.0,25,0.04694375
piecewise_sub,1.0,26,0.04537259615384615
piecewise_sub,1.0,27,0.044230324074074075
piecewise_sub,1.0,28,0.04211495535714286
piecewise_sub,1.0,29,0.04226831896551724
piecewise_sub,1.0,30,0.039677083333333335
piecewise_sub,1.0,31,0.03856350806451613
piecewise_sub,1.0,32,0.03783203125
piecewise_sub,1.0,33,0.036761363636363634
piecewise_sub,1.0,34,0.035174632352941174
piecewise_sub,1.0,35,0.03420089285714286
piecewise_sub,1.0,36,0.03314236111111111
piecewise_sub,1.0,37,0.03328547297297297
piecewise_sub,1.0,38,0.03194901315789474
piecewise_sub,1.0,39,0.03096153846153846
piecewise_sub,1.0,40,0.0297890625
piecewise_sub,1.0,41,0.02936356707317073
piecewise_sub,1.0,42,0.028530505952380953
piecewise_sub,1.0,43,0.02776889534883721
piecewise_sub,1.0,44,0.027446732954545455
piecewise_sub,1.0,45,0.026916666666666665
piecewise_sub,1.0,46,0.02614470108695652
piecewise_sub,1.0,47,0.02566156914893617
piecewise_sub,1.0,48,0.025244140625
piecewise_sub,1.0,49,0.024700255102040818
piecewise_sub,1.0,50,0.024271875
piecewise_sub,1.0,51,0.02381433823529412
piecewise_sub,1.0,52,0.02337139423076923
piecewise_sub,1.0,53,0.022694575471698113
piecewise_sub,1.0,54,0.02206886574074074
piecewise_sub,1.0,55,0.022105113636363638
piecewise_sub,1.0,56,0.021576450892857143
piecewise_sub,1.0,57,0.02115405701754386
piecewise_sub,1.0,58,0.020886314655172412
piecewise_sub,1.0,59,0.020116525423728812
piecewise_sub,1.0,60,0.0200703125
piecewise_sub,1.0,61,0.019748975409836066
piecewise_sub,1.0,62,0.019732862903225807
piecewise_sub,1.0,63,0.018876488095238095
piecewise_sub,1.0,64,0.0189111328125
piecewise_sub,1.0,65,0.018798076923076924
piecewise_sub,1.0,66,0.018444602272727272
piecewise_sub,1.0,67,0.017959421641791044
piecewise_sub,1.0,68,0.01778262867647059
piecewise_sub,1.0,69,0.017441123188405797
piecewise_sub,1.0,70,0.017220982142857142
piecewise_sub,1.0,71,0.017026848591549296
piecewise_sub,2.0,1,1.0
piecewise_sub,2.0,2,0.631796875
piecewise_sub,2.0,3,0.47739583333333335
piecewise_sub,2.0,4,0.3790625
piecewise_sub,2.0,5,0.30671875
piecewise_sub,2.0,6,0.2694270833333333
piecewise_sub,2.0,7,0.23084821428571428
piecewise_sub,2.0,8,0.2045703125
piecewise_sub,2.0,9,0.18493055555555554
piecewise_sub,2.0,10,0.168234375
piecewise_sub,2.0,11,0.15232954545454547
piecewise_sub,2.0,12,0.139921875
piecewise_sub,2.0,13,0.13171875
piecewise_sub,2.0,14,0.12008928571428572
piecewise_sub,2.0,15,0.11105208333333333
piecewise_sub,2.0,16,0.106259765625
piecewise_sub,2.0,17,0.09868566176470588
piecewise_sub,2.0,18,0.09234375
piecewise_sub,2.0,19,0.08842927631578948
piecewise_sub,2.0,20,0.084375
piecewise_sub,2.0,21,0.08044642857142857
piecewise_sub,2.0,22,0.0782528409090909
piecewise_sub,2.0,23,0.07276494565217391
piecewise_sub,2.0,24,0.07161458333333333
piecewise_sub,2.0,25,0.06828125
piecewise_sub,2.0,26,0.06546274038461539
piecewise_sub,2.0,27,0.062135416666666665
piecewise_sub,2.0,28,0.059670758928571425
piecewise_sub,2.0,29,0.05851293103448276
piecewise_sub,2.0,30,0.05615625
piecewise_sub,2.0,31,0.05464717741935484
piecewise_sub,2.0,32,0.0536376953125
piecewise_sub,2.0,33,0.05185606060606061
piecewise_sub,2.0,34,0.04989889705882353
piecewise_sub,2.0,35,0.04820982142857143
piecewise_sub,2.0,36,0.04648871527777778
piecewise_sub,2.0,37,0.04688766891891892
piecewise_sub,2.0,38,0.04484786184210526
piecewise_sub,2.0,39,0.04408253205128205
piecewise_sub,2.0,40,0.04272265625
piecewise_sub,2.0,41,0.04175685975609756
piecewise_sub,2.0,42,0.039873511904761905
piecewise_sub,2.0,43,0.0398328488372093
piecewise_sub,2.0,44,0.039591619318181816
piecewise_sub,2.0,45,0.03870833333333333
piecewise_sub,2.0,46,0.037129755434782606
piecewise_sub,2.0,47,0.03585438829787234
piecewise_sub,2.0,48,0.03533203125
piecewise_sub,2.0,49,0.035322066326530614
piecewise_sub,2.0,50,0.033878125
piecewise_sub,2.0,51,0.033691789215686274
piecewise_sub,2.0,52,0.03294170673076923
piecewise_sub,2.0,53,0.03201061320754717
piecewise_sub,2.0,54,0.031574074074074074
piecewise_sub,2.0,55,0.031139204545454546
piecewise_sub,2.0,56,0.03029296875
piecewise_sub,2.0,57,0.030290570175438597
piecewise_sub,2.0,58,0.029261853448275862
piecewise_sub,2.0,59,0.028861228813559323
piecewise_sub,2.0,60,0.028302083333333332
piecewise_sub,2.0,61,0.02785092213114754
piecewise_sub,2.0,62,0.027797379032258065
piecewise_sub,2.0,63,0.027209821428571427
piecewise_sub,2.0,64,0.02689453125
piecewise_sub,2.0,65,0.026360576923076924
piecewise_sub,2.0,66,0.025812026515151514
piecewise_sub,2.0,67,0.025242537313432834
piecewise_sub,2.0,68,0.02534466911764706
piecewise_sub,2.0,69,0.024812047101449276
piecewise_sub,2.0,70,0.02431919642857143
piecewise_sub,2.0,71,0.02374119718309859
piecewise_sub,4.0,1,1.0
piecewise_sub,4.0,2,0.810703125
piecewise_sub,4.0,3,0.71140625
piecewise_sub,4.0,4,0.615390625
piecewise_sub,4.0,5,0.54540625
piecewise_sub,4.0,6,0.4928385416666667
piecewise_sub,4.0,7,0.4408705357142857
piecewise_sub,4.0,8,0.40283203125
piecewise_sub,4.0,9,0.3658854166666667
piecewise_sub,4.0,10,0.335
piecewise_sub,4.0,11,0.30845170454545456
piecewise_sub,4.0,12,0.2909244791666667
piecewise_sub,4.0,13,0.26905048076923077
piecewise_sub,4.0,14,0.252578125
piecewise_sub,4.0,15,0.24521875
piecewise_sub,4.0,16,0.229814453125
piecewise_sub,4.0,17,0.2194485294117647
piecewise_sub,4.0,18,0.20725694444444445
piecewise_sub,4.0,19,0.19951480263157895
piecewise_sub,4.0,20,0.1896171875
piecewise_sub,4.0,21,0.17704613095238095
piecewise_sub,4.0,22,0.16970170454545455
piecewise_sub,4.0,23,0.16311141304347826
piecewise_sub,4.0,24,0.15965494791666668
piecewise_sub,4.0,25,0.1522
piecewise_sub,4.0,26,0.1473377403846154
piecewise_sub,4.0,27,0.14297453703703702
piecewise_sub,4.0,28,0.1370814732142857
piecewise_sub,4.0,29,0.13188577586206895
piecewise_sub,4.0,30,0.128609375
piecewise_sub,4.0,31,0.12494959677419355
piecewise_sub,4.0,32,0.120244140625
piecewise_sub,4.0,33,0.1168939393939394
piecewise_sub,4.0,34,0.11470128676470588
piecewise_sub,4.0,35,0.11080357142857143
piecewise_sub,4.0,36,0.10810763888888889
piecewise_sub,4.0,37,0.10665118243243243
piecewise_sub,4.0,38,0.10337171052631579
piecewise_sub,4.0,39,0.10028846153846153
piecewise_sub,4.0,40,0.09712890625
piecewise_sub,4.0,41,0.09514100609756097
piecewise_sub,4.0,42,0.09327380952380952
piecewise_sub,4.0,43,0.09011991279069767
piecewise_sub,4.0,44,0.08887784090909091
piecewise_sub,4.0,45,0.08796527777777778
piecewise_sub,4.0,46,0.08462296195652173
piecewise_sub,4.0,47,0.08367353723404256
piecewise_sub,4.0,48,0.082158203125
piecewise_sub,4.0,49,0.07967155612244899
piecewise_sub,4.0,50,0.07821875
piecewise_sub,4.0,51,0.07668504901960785
piecewise_sub,4.0,52,0.074921875
piecewise_sub,4.0,53,0.07404775943396226
piecewise_sub,4.0,54,0.0731076388888889
piecewise_sub,4.0,55,0.07084375
piecewise_sub,4.0,56,0.07048549107142857
piecewise_sub,4.0,57,0.0687828947368421
piecewise_sub,4.0,58,0.06738415948275862
piecewise_sub,4.0,59,0.06570444915254238
piecewise_sub,4.0,60,0.06516666666666666
piecewise_sub,4.0,61,0.06385245901639344
piecewise_sub,4.0,62,0.06278729838709678
piecewise_sub,4.0,63,0.06193948412698413
piecewise_sub,4.0,64,0.0609912109375
piecewise_sub,4.0,65,0.060189903846153844
piecewise_sub,4.0,66,0.059995265151515154
piecewise_sub,4.0,67,0.05807602611940298
piecewise_sub,4.0,68,0.05743566176470588
piecewise_sub,4.0,69,0.05644248188405797
piecewise_sub,4.0,70,0.055970982142857145
piecewise_sub,4.0,71,0.05511663732394366
piecewise_sub,8.0,1,1.0
piecewise_sub,8.0,2,0.958203125
piecewise_sub,8.0,3,0.91203125
piecewise_sub,8.0,4,0.87921875
piecewise_sub,8.0,5,0.84634375
piecewise_sub,8.0,6,0.8128125
piecewise_sub,8.0,7,0.7872767857142857
piecewise_sub,8.0,8,0.7580078125
piecewise_sub,8.0,9,0.7275868055555555
piecewise_sub,8.0,10,0.70325
piecewise_sub,8.0,11,0.6781107954545454
piecewise_sub,8.0,12,0.6597395833333334
piecewise_sub,8.0,13,0.6427884615384616
piecewise_sub,8.0,14,0.6225
piecewise_sub,8.0,15,0.5937291666666666
piecewise_sub,8.0,16,0.57439453125
piecewise_sub,8.0,17,0.5582628676470588
piecewise_sub,8.0,18,0.5412413194444444
piecewise_sub,8.0,19,0.5293503289473684
piecewise_sub,8.0,20,0.5103515625
piecewise_sub,8.0,21,0.49921875
piecewise_sub,8.0,22,0.48834517045454545
piecewise_sub,8.0,23,0.4704008152173913
piecewise_sub,8.0,24,0.46005859375
piecewise_sub,8.0,25,0.4488
piecewise_sub,8.0,26,0.43798076923076923
piecewise_sub,8.0,27,0.427505787037037
piecewise_sub,8.0,28,0.41530691964285715
piecewise_sub,8.0,29,0.40857219827586205
piecewise_sub,8.0,30,0.399515625
piecewise_sub,8.0,31,0.38633064516129034
piecewise_sub,8.0,32,0.37791015625
piecewise_sub,8.0,33,0.3718465909090909
piecewise_sub,8.0,34,0.36465992647058826
piecewise_sub,8.0,35,0.3550044642857143
piecewise_sub,8.0,36,0.3475390625
piecewise_sub,8.0,37,0.34000422297297295
piecewise_sub,8.0,38,0.33410361842105263
piecewise_sub,8.0,39,0.3295673076923077
piecewise_sub,8.0,40,0.32035546875
piecewise_sub,8.0,41,0.3176143292682927
piecewise_sub,8.0,42,0.3099627976190476
piecewise_sub,8.0,43,0.3048582848837209
piecewise_sub,8.0,44,0.29772017045454546
piecewise_sub,8.0,45,0.2941076388888889
piecewise_sub,8.0,46,0.28907608695652176
piecewise_sub,8.0,47,0.28454787234042556
piecewise_sub,8.0,48,0.27777994791666666
piecewise_sub,8.0,49,0.2733163265306122
piecewise_sub,8.0,50,0.268259375
piecewise_sub,8.0,51,0.26332107843137254
piecewise_sub,8.0,52,0.26114483173076924
piecewise_sub,8.0,53,0.2559375
piecewise_sub,8.0,54,0.25188078703703703
piecewise_sub,8.0,55,0.24723579545454547
piecewise_sub,8.0,56,0.2443247767857143
piecewise_sub,8.0,57,0.23923245614035088
piecewise_sub,8.0,58,0.2358270474137931
piecewise_sub,8.0,59,0.23346927966101694
piecewise_sub,8.0,60,0.22937239583333333
piecewise_sub,8.0,61,0.22656506147540983
piecewise_sub,8.0,62,0.22299395161290322
piecewise_sub,8.0,63,0.21945188492063492
piecewise_sub,8.0,64,0.21682861328125
piecewise_sub,8.0,65,0.21572836538461537
piecewise_sub,8.0,66,0.2106628787878788
piecewise_sub,8.0,67,0.20829757462686568
piecewise_sub,8.0,68,0.20656020220588237
piecewise_sub,8.0,69,0.20303215579710146
piecewise_sub,8.0,70,0.20047098214285713
piecewise_sub,8.0,71,0.19860915492957745
piecewise_sub,16.0,1,1.0
piecewise_sub,16.0,2,0.9953125
piecewise_sub,16.0,3,0.9938020833333333
piecewise_sub,16.0,4,0.9873828125
piecewise_sub,16.0,5,0.985375
piecewise_sub,16.0,6,0.9752864583333334
piecewise_sub,16.0,7,0.9742633928571428
piecewise_sub,16.0,8,0.969140625
piecewise_sub,16.0,9,0.9625520833333333
piecewise_sub,16.0,10,0.95453125
piecewise_sub,16.0,11,0.95640625
piecewise_sub,16.0,12,0.9513541666666666
piecewise_sub,16.0,13,0.9479807692307692
piecewise_sub,16.0,14,0.9468080357142857
piecewise_sub,16.0,15,0.93903125
piecewise_sub,16.0,16,0.937470703125
piecewise_sub,16.0,17,0.9329871323529412
piecewise_sub,16.0,18,0.9300868055555556
piecewise_sub,16.0,19,0.9258305921052632
piecewise_sub,16.0,20,0.9201484375
piecewise_sub,16.0,21,0.9198958333333334
piecewise_sub,16.0,22,0.9129332386363637
piecewise_sub,16.0,23,0.9133423913043478
piecewise_sub,16.0,24,0.9038802083333334
piecewise_sub,16.0,25,0.90000625
piecewise_sub,16.0,26,0.9046033653846154
piecewise_sub,16.0,27,0.8980208333333334
piecewise_sub,16.0,28,0.8916741071428571
piecewise_sub,16.0,29,0.8879471982758621
piecewise_sub,16.0,30,0.8905625
piecewise_sub,16.0,31,0.8855846774193549
piecewise_sub,16.0,32,0.879267578125
piecewise_sub,16.0,33,0.8745738636363637
piecewise_sub,16.0,34,0.8713005514705883
piecewise_sub,16.0,35,0.8670848214285715
piecewise_sub,16.0,36,0.8696657986111112
piecewise_sub,16.0,37,0.8606081081081081
piecewise_sub,16.0,38,0.8596504934210526
piecewise_sub,16.0,39,0.8558293269230769
piecewise_sub,16.0,40,0.85619140625
piecewise_sub,16.0,41,0.8502858231707318
piecewise_sub,16.0,42,0.8480431547619047
piecewise_sub,16.0,43,0.8473982558139534
piecewise_sub,16.0,44,0.8425248579545455
piecewise_sub,16.0,45,0.8387152777777778
piecewise_sub,16.0,46,0.8375407608695652
piecewise_sub,16.0,47,0.8318949468085106
piecewise_sub,16.0,48,0.8313997395833334
piecewise_sub,16.0,49,0.8251307397959183
piecewise_sub,16.0,50,0.826465625
piecewise_sub,16.0,51,0.8198774509803921
piecewise_sub,16.0,52,0.8176682692307692
piecewise_sub,16.0,53,0.8142570754716981
piecewise_sub,16.0,54,0.812890625
piecewise_sub,16.0,55,0.8129232954545454
piecewise_sub,16.0,56,0.8067829241071428
piecewise_sub,16.0,57,0.8051754385964912
piecewise_sub,16.0,58,0.8020150862068965
piecewise_sub,16.0,59,0.799719279661017
piecewise_sub,16.0,60,0.7981614583333333
piecewise_sub,16.0,61,0.7947822745901639
piecewise_sub,16.0,62,0.7900327620967742
piecewise_sub,16.0,63,0.7884895833333333
piecewise_sub,16.0,64,0.7858740234375
piecewise_sub,16.0,65,0.7833221153846154
piecewise_sub,16.0,66,0.781595643939394
piecewise_sub,16.0,67,0.7801096082089553
piecewise_sub,16.0,68,0.7755445772058823
piecewise_sub,16.0,69,0.774302536231884
piecewise_sub,16.0,70,0.7715334821428571
piecewise_sub,16.0,71,0.769106514084507
piecewise_sub,32.0,1,1.0
piecewise_sub,32.0,2,0.9996875
piecewise_sub,32.0,3,0.9980208333333334
piecewise_sub,32.0,4,0.99296875
piecewise_sub,32.0,5,0.99040625
piecewise_sub,32.0,6,0.9886979166666666
piecewise_sub,32.0,7,0.9908035714285715
piecewise_sub,32.0,8,0.990546875
piecewise_sub,32.0,9,0.9896701388888889
piecewise_sub,32.0,10,0.9863125
piecewise_sub,32.0,11,0.9834801136363637
piecewise_sub,32.0,12,0.9863932291666667
piecewise_sub,32.0,13,0.9857331730769231
piecewise_sub,32.0,14,0.9841517857142857
piecewise_sub,32.0,15,0.9794270833333333
piecewise_sub,32.0,16,0.978427734375
piecewise_sub,32.0,17,0.9785110294117647
piecewise_sub,32.0,18,0.9801996527777778
piecewise_sub,32.0,19,0.9750986842105264
piecewise_sub,32.0,20,0.9754296875
piecewise_sub,32.0,21,0.97
piecewise_sub,32.0,22,0.9737357954545455
piecewise_sub,32.0,23,0.973539402173913
piecewise_sub,32.0,24,0.9710481770833334
piecewise_sub,32.0,25,0.9690875
piecewise_sub,32.0,26,0.9695072115384615
piecewise_sub,32.0,27,0.9672511574074074
piecewise_sub,32.0,28,0.9667299107142857
piecewise_sub,32.0,29,0.9635129310344828
piecewise_sub,32.0,30,0.9610677083333333
piecewise_sub,32.0,31,0.9646925403225807
piecewise_sub,32.0,32,0.96015625
piecewise_sub,32.0,33,0.9609848484848484
piecewise_sub,32.0,34,0.9606525735294118
piecewise_sub,32.0,35,0.9629821428571429
piecewise_sub,32.0,36,0.9562369791666666
piecewise_sub,32.0,37,0.9571494932432433
piecewise_sub,32.0,38,0.9569654605263158
piecewise_sub,32.0,39,0.9548237179487179
piecewise_sub,32.0,40,0.95583984375
piecewise_sub,32.0,41,0.9511585365853659
piecewise_sub,32.0,42,0.9547581845238096
piecewise_sub,32.0,43,0.9512718023255814
piecewise_sub,32.0,44,0.9531498579545454
piecewise_sub,32.0,45,0.9513506944444444
piecewise_sub,32.0,46,0.9509680706521739
piecewise_sub,32.0,47,0.9504521276595744
piecewise_sub,32.0,48,0.9482942708333333
piecewise_sub,32.0,49,0.9480548469387755
piecewise_sub,32.0,50,0.9471
piecewise_sub,32.0,51,0.9462898284313725
piecewise_sub,32.0,52,0.9474579326923077
piecewise_sub,32.0,53,0.9443543632075472
piecewise_sub,32.0,54,0.9454542824074074
piecewise_sub,32.0,55,0.9441732954545454
piecewise_sub,32.0,56,0.9451283482142857
piecewise_sub,32.0,57,0.9428234649122808
piecewise_sub,32.0,58,0.9410479525862069
piecewise_sub,32.0,59,0.9416710805084746
piecewise_sub,32.0,60,0.9424166666666667
piecewise_sub,32.0,61,0.9389369877049181
piecewise_sub,32.0,62,0.9389238911290323
piecewise_sub,32.0,63,0.9390426587301587
piecewise_sub,32.0,64,0.93814208984375
piecewise_sub,32.0,65,0.9377668269230769
piecewise_sub,32.0,66,0.9377627840909091
piecewise_sub,32.0,67,0.9374790111940299
piecewise_sub,32.0,68,0.9365165441176471
piecewise_sub,32.0,69,0.9356816123188406
piecewise_sub,32.0,70,0.9349665178571429
piecewise_sub,32.0,71,0.9346808978873239
piecewise_sub,64.0,1,1.0
piecewise_sub,64.0,2,0.991796875
piecewise_sub,64.0,3,0.9956770833333334
piecewise_sub,64.0,4,0.9928515625
piecewise_sub,64.0,5,0.99253125
piecewise_sub,64.0,6,0.9945833333333334
piecewise_sub,64.0,7,0.9911830357142857
piecewise_sub,64.0,8,0.9933984375
piecewise_sub,64.0,9,0.9885763888888889
piecewise_sub,64.0,10,0.988484375
piecewise_sub,64.0,11,0.9870596590909091
piecewise_sub,64.0,12,0.9829166666666667
piecewise_sub,64.0,13,0.9833173076923077
piecewise_sub,64.0,14,0.9810044642857143
piecewise_sub,64.0,15,0.9786145833333333
piecewise_sub,64.0,16,0.97685546875
piecewise_sub,64.0,17,0.9787040441176471
piecewise_sub,64.0,18,0.9724045138888889
piecewise_sub,64.0,19,0.9755838815789474
piecewise_sub,64.0,20,0.9786796875
piecewise_sub,64.0,21,0.9743080357142857
piecewise_sub,64.0,22,0.9711647727272728
piecewise_sub,64.0,23,0.9701290760869565
piecewise_sub,64.0,24,0.9685091145833333
piecewise_sub,64.0,25,0.96905
piecewise_sub,64.0,26,0.9705228365384615
piecewise_sub,64.0,27,0.971099537037037
piecewise_sub,64.0,28,0.9636551339285714
piecewise_sub,64.0,29,0.9645635775862069
piecewise_sub,64.0,30,0.9632083333333333
piecewise_sub,64.0,31,0.9634475806451613
piecewise_sub,64.0,32,0.960302734375
piecewise_sub,64.0,33,0.9612642045454546
piecewise_sub,64.0,34,0.9587867647058823
piecewise_sub,64.0,35,0.9632678571428571
piecewise_sub,64.0,36,0.9597960069444444
piecewise_sub,64.0,37,0.9599535472972973
piecewise_sub,64.0,38,0.9596998355263158
piecewise_sub,64.0,39,0.9541386217948717
piecewise_sub,64.0,40,0.9557265625
piecewise_sub,64.0,41,0.9532621951219512
piecewise_sub,64.0,42,0.9521651785714286
piecewise_sub,64.0,43,0.9534084302325582
piecewise_sub,64.0,44,0.9521164772727273
piecewise_sub,64.0,45,0.9517013888888889
piecewise_sub,64.0,46,0.9538009510869565
piecewise_sub,64.0,47,0.948470744680851
piecewise_sub,64.0,48,0.9532584635416667
piecewise_sub,64.0,49,0.9490497448979592
piecewise_sub,64.0,50,0.949759375
piecewise_sub,64.0,51,0.9470802696078431
piecewise_sub,64.0,52,0.9454747596153846
piecewise_sub,64.0,53,0.9476621462264151
piecewise_sub,64.0,54,0.9460069444444444
piecewise_sub,64.0,55,0.9429375
piecewise_sub,64.0,56,0.946328125
piecewise_sub,64.0,57,0.9435142543859649
piecewise_sub,64.0,58,0.9406600215517241
piecewise_sub,64.0,59,0.941083156779661
piecewise_sub,64.0,60,0.9425338541666667
piecewise_sub,64.0,61,0.9437167008196722
piecewise_sub,64.0,62,0.9406905241935484
piecewise_sub,64.0,63,0.939578373015873
piecewise_sub,64.0,64,0.93859130859375
piecewise_sub,64.0,65,0.9390144230769231
piecewise_sub,64.0,66,0.9393087121212121
piecewise_sub,64.0,67,0.9386007462686567
piecewise_sub,64.0,68,0.9367807904411765
piecewise_sub,64.0,69,0.9372169384057971
piecewise_sub,64.0,70,0.93571875
piecewise_sub,64.0,71,0.9357394366197183
piecewise_sub,inf,1,1.0
piecewise_sub,inf,2,0.994375
piecewise_sub,inf,3,0.9972916666666667
piecewise_sub,inf,4,0.9955859375
piecewise_sub,inf,5,0.994875
piecewise_sub,inf,6,0.990390625
piecewise_sub,inf,7,0.9883035714285714
piecewise_sub,inf,8,0.9884375
piecewise_sub,inf,9,0.9876736111111111
piecewise_sub,inf,10,0.985859375
piecewise_sub,inf,11,0.9848011363636363
piecewise_sub,inf,12,0.9866015625
piecewise_sub,inf,13,0.9831610576923077
piecewise_sub,inf,14,0.98328125
piecewise_sub,inf,15,0.9771458333333334
piecewise_sub,inf,16,0.980966796875
piecewise_sub,inf,17,0.9778768382352941
piecewise_sub,inf,18,0.9779253472222222
piecewise_sub,inf,19,0.9747286184210526
piecewise_sub,inf,20,0.974921875
piecewise_sub,inf,21,0.9740625
piecewise_sub,inf,22,0.9710085227272728
piecewise_sub,inf,23,0.9725815217391305
piecewise_sub,inf,24,0.9664322916666667
piecewise_sub,inf,25,0.96886875
piecewise_sub,inf,26,0.9684014423076923
piecewise_sub,inf,27,0.9694502314814815
piecewise_sub,inf,28,0.9675837053571429
piecewise_sub,inf,29,0.9669612068965517
piecewise_sub,inf,30,0.9681354166666667
piecewise_sub,inf,31,0.9626814516129032
piecewise_sub,inf,32,0.962021484375
piecewise_sub,inf,33,0.9583191287878788
piecewise_sub,inf,34,0.959016544117647
piecewise_sub,inf,35,0.9607142857142857
piecewise_sub,inf,36,0.9563671875
piecewise_sub,inf,37,0.9578758445945946
piecewise_sub,inf,38,0.9585361842105263
piecewise_sub,inf,39,0.9561097756410256
piecewise_sub,inf,40,0.9569765625
piecewise_sub,inf,41,0.9548666158536585
piecewise_sub,inf,42,0.9536755952380952
piecewise_sub,inf,43,0.9518931686046511
piecewise_sub,inf,44,0.9502698863636364
piecewise_sub,inf,45,0.94890625
piecewise_sub,inf,46,0.9522826086956522
piecewise_sub,inf,47,0.9495412234042553
piecewise_sub,inf,48,0.9488346354166667
piecewise_sub,inf,49,0.9486734693877551
piecewise_sub,inf,50,0.949134375
piecewise_sub,inf,51,0.9502297794117647
piecewise_sub,inf,52,0.9461448317307692
piecewise_sub,inf,53,0.9457841981132076
piecewise_sub,inf,54,0.9441753472222222
piecewise_sub,inf,55,0.9446960227272727
piecewise_sub,inf,56,0.9443136160714286
piecewise_sub,inf,57,0.9440131578947368
piecewise_sub,inf,58,0.9429714439655172
piecewise_sub,inf,59,0.9427807203389831
piecewise_sub,inf,60,0.9403229166666667
piecewise_sub,inf,61,0.9405302254098361
piecewise_sub,inf,62,0.9406048387096774
piecewise_sub,inf,63,0.9393824404761905
piecewise_sub,inf,64,0.939560546875
piecewise_sub,inf,65,0.9375264423076923
piecewise_sub,inf,66,0.9390033143939394
piecewise_sub,inf,67,0.9370755597014926
piecewise_sub,inf,68,0.9371392463235294
piecewise_sub,inf,69,0.9363586956521739
piecewise_sub,inf,70,0.9358950892857143
piecewise_sub,inf,71,0.9357394366197183
